Unit ID,Unit name,Enabled,Latitude,Longitude,Elevation,Icon,Forecolor,Style,Backcolor,Text,Locked
1,Loudoun Br AL,1,-27.3278,150.9218,354.5,1,FFFFFF,0,0,6129.0,0
2,18 Bateson,1,-27.39,152.7791,524.4,334,0,1,0,,0
3,Abbieglassie Al,1,-27.2919,147.4838,0.0,243,0,1,FFFFFF,1073.0,0
4,Abercorn AL,1,-25.1292,151.1306,199.3,243,0,1,FFFFFF,748.0,0
5,Abergowrie AL,1,-18.4889,145.9364,40.8,243,0,1,FFFFFF,6013.0,0
6,Abergowrie Br Al,1,-18.5144,146.0006,34.5,243,0,1,FFFFFF,6039.0,0
7,Accommodation Ck AL,1,-28.8081,151.8364,693.5,243,0,1,FFFFFF,5735.0,0
8,Adavale Rd AL,1,-26.3264,146.0978,0.0,243,0,1,FFFFFF,1051.0,0
9,Ainsworth Rd (Middle,1,-28.9162,152.8841,84.3,243,0,1,FFFFFF,0.0,0
10,Albert River Tm,1,-17.8615,139.4081,10.2,243,0,1,FFFFFF,0.0,0
11,Aldavilla D/S (Macle,1,-31.0825,152.7831,17.8,243,0,1,FFFFFF,7329.0,0
12,Alick Ck Rwr TM,1,-21.1832,142.921,205.2,243,0,1,FFFFFF,,0
13,Alick Ck Tm,1,-20.4167,141.9992,0.0,243,0,1,FFFFFF,,0
14,Allambie Al,1,-26.9033,145.3525,288.0,307,0,1,FFFFFF,,0
15,Alligator Ck Aler,1,-19.3869,146.9578,10.7,243,0,1,FFFFFF,,0
16,Alligator Ck Rd,1,-19.4035,146.946,18.7,243,0,1,FFFFFF,,0
17,Allora (Dalrymple Cr,1,-28.0347,151.987,471.8,243,0,1,FFFFFF,,0
18,Alpha,1,-23.649,146.6464,0.0,243,0,1,FFFFFF,,0
19,Alroy Crossing Tm,1,-27.8055,144.7079,0.0,243,0,1,FFFFFF,0.0,0
20,Alstonville Stp,1,-28.8306,153.4444,124.5,243,0,1,FFFFFF,7559.0,0
21,Amelia Cr (Yarrowmer,1,-21.0257,145.7661,0.0,243,0,1,FFFFFF,0.0,0
22,Amiens Knob AL,1,-28.6061,151.8175,958.4,307,0,1,FFFFFF,5702.0,0
23,Aplin Weir AL,1,-19.3039,146.7803,7.0,243,0,1,FFFFFF,2759.0,0
24,Archie Ck Tm,1,-18.5062,138.8551,0.0,243,0,1,FFFFFF,0.0,0
25,Arden Downs Tm,1,-28.23,149.5617,0.0,243,0,1,FFFFFF,0.0,0
26,Armidale-Stephens Br,1,-30.5117,151.67,0.0,243,0,1,FFFFFF,0.0,0
27,Artunga AL,1,-28.4014,151.2925,324.9,243,0,1,FFFFFF,4509.0,0
28,Athol Westbrook Crk,1,-27.613,151.793,487.1,243,0,1,FFFFFF,,0
29,Auburn River (Andrew,1,-25.7453,150.5891,300.5,307,0,1,FFFFFF,0.0,0
30,Augathella Rptr Aler,1,-25.8044,146.5894,0.0,307,0,1,FFFFFF,,0
31,Augustus Downs Stati,1,-18.5119,139.8534,0.0,243,0,1,FFFFFF,,0
32,Avoca Tm,1,-27.9803,150.515,296.9,243,0,1,FFFFFF,0.0,0
33,Avon River Downstrea,1,-32.0439,151.9625,97.5,243,0,1,FFFFFF,0.0,0
34,Awaba (Stony Ck),1,-33.015,151.5397,0.0,243,0,1,FFFFFF,7889.0,0
35,Ayr AL,1,-19.5864,147.3975,8.0,243,0,1,FFFFFF,2908.0,0
36,Babinda Post Office,1,-17.3436,145.9217,17.8,243,0,1,FFFFFF,,0
37,Back Beach Rd at D,1,-16.9422,145.8858,20.5,243,0,1,FFFFFF,,0
38,Back Beach Rd at M,1,-16.9314,145.8768,20.2,243,0,1,FFFFFF,,0
39,Back Beach Rd at O,1,-16.9673,145.8877,16.8,243,0,1,FFFFFF,,0
40,Back Beach Rd at R,1,-16.9236,145.8736,18.0,243,0,1,FFFFFF,,0
41,Bald Knob AL,1,-26.7789,152.9153,423.5,307,0,1,FFFFFF,6400.0,0
42,Ballandean AL,1,-28.7847,151.82,698.2,243,0,1,FFFFFF,5732.0,0
43,Ballandean Hill Aler,1,-28.7978,151.8303,778.6,307,0,1,FFFFFF,,0
44,Ballera Jackson Rd,1,-27.5006,141.9317,0.0,243,0,1,FFFFFF,,0
45,Ballymena Tm,1,-28.0522,150.1475,240.4,243,0,1,FFFFFF,0.0,0
46,Ban Ban AL,1,-25.7108,151.8083,178.0,307,0,1,FFFFFF,827.0,0
47,Banana Range AL,1,-24.4486,150.3156,0.0,307,0,1,FFFFFF,4496.0,0
48,Banora (Sewerage Tre,1,-28.204,153.531,7.0,243,0,1,FFFFFF,,0
49,Barakula Forest Stat,1,-26.4272,150.5044,332.8,243,0,1,FFFFFF,6131.0,0
50,Bargara AL,1,-24.8333,152.4603,6.2,243,0,1,FFFFFF,4754.0,0
51,Barkly River Wdr Tm,1,-18.2408,139.2658,0.0,243,0,1,FFFFFF,,0
52,Barongarook AL,1,-28.4314,151.4622,393.6,243,0,1,FFFFFF,4523.0,0
53,Baroonbah Crossing,1,-25.6928,149.2131,272.5,307,0,1,FFFFFF,,0
54,Barrackdale Choke (S,1,-27.5323,148.7355,226.6,243,0,1,FFFFFF,,0
55,Barradeen Al,1,-26.0419,146.4292,0.0,243,0,1,FFFFFF,4232.0,0
56,Barta Park Tm,1,-27.0711,147.8653,0.0,243,0,1,FFFFFF,0.0,0
57,Bartle View AL,1,-17.545,145.7156,572.6,243,0,1,FFFFFF,2530.0,0
58,Basalt Ck AL,1,-24.6325,148.8711,0.0,243,0,1,FFFFFF,1190.0,0
59,Basalt River (Gregor,1,-19.6306,145.7734,0.0,243,0,1,FFFFFF,0.0,0
60,Bathurst Stanley Str,1,-33.4107,149.5843,656.9,243,0,1,FFFFFF,7362.0,0
61,Battery Ck Tm,1,-19.4375,145.8611,0.0,243,0,1,FFFFFF,0.0,0
62,Bauhinia Downs AL,1,-24.5617,149.2853,0.0,243,0,1,FFFFFF,4457.0,0
63,Beaudesert AL,1,-27.9681,152.9861,49.1,243,0,1,FFFFFF,5323.0,0
64,Bedarra AL,1,-26.8417,150.3442,294.9,243,0,1,FFFFFF,6134.0,0
65,Bedford Weir Tw Aler,1,-23.3739,148.8408,0.0,243,0,1,FFFFFF,,0
66,Bedourie,1,-24.3597,139.4714,0.0,243,0,1,FFFFFF,,0
67,Beenleigh AL,1,-27.7258,153.2192,9.8,243,0,1,FFFFFF,6273.0,0
68,Beerburrum-Woodford,1,-26.9379,152.8509,160.3,243,0,1,FFFFFF,,0
69,Begonia Tm,1,-27.4937,148.3356,246.3,243,0,1,FFFFFF,0.0,0
70,Belgrae Park AL,1,-26.9669,151.4847,481.2,243,0,1,FFFFFF,6123.0,0
71,Bellalie Tm,1,-27.0191,142.9404,0.0,243,0,1,FFFFFF,0.0,0
72,Bellbird Ck AL,1,-26.6274,152.7046,151.0,243,0,1,FFFFFF,6473.0,0
73,Bellbird Park (Purse,1,-27.6692,152.8731,63.9,243,0,1,FFFFFF,2096.0,0
74,Bellbrook (Macleay R,1,-30.8217,152.5067,82.7,243,0,1,FFFFFF,7323.0,0
75,Bellevue (Gloucester,1,-32.0564,151.7131,308.8,243,0,1,FFFFFF,,0
76,Bellingen (Bellinger,1,-30.4517,152.8983,0.0,243,0,1,FFFFFF,7602.0,0
77,Bellthorpe (Gap Rd),1,-26.8325,152.7431,578.8,307,0,1,FFFFFF,,0
78,Belmont Tm,1,-22.1644,143.4504,223.2,243,0,1,FFFFFF,0.0,0
79,Belmont Wwtp,1,-33.0464,151.6711,0.0,243,0,1,FFFFFF,0.0,0
80,Belmore River Entran,1,-31.0333,152.9417,2.9,243,0,1,FFFFFF,7339.0,0
81,Belmore River U/S Fl,1,-31.07,152.97,-0.8,243,0,1,FFFFFF,7716.0,0
82,Belowra (Belowra Sta,1,-36.1975,149.7067,0.0,243,0,1,FFFFFF,,0
83,Ben Avon AL,1,-17.8072,145.325,661.5,243,0,1,FFFFFF,5803.0,0
84,Bendemeer TM,1,-21.9143,142.3804,171.5,243,0,1,FFFFFF,0.0,0
85,Bengalla Tm,1,-28.6561,150.6653,240.2,243,0,1,FFFFFF,0.0,0
86,Benobble AL,1,-27.9978,153.1575,85.2,243,0,1,FFFFFF,5317.0,0
87,Bentley (Back Ck),1,-28.7406,153.075,47.8,243,0,1,FFFFFF,7101.0,0
88,Beruna Al,1,-26.6433,150.8542,323.3,243,0,1,FFFFFF,4920.0,0
89,Betanga AL,1,-23.6889,146.3425,0.0,307,0,1,FFFFFF,4658.0,0
90,Biboohra Tm,1,-16.9159,145.4228,384.8,243,0,1,FFFFFF,0.0,0
91,Biddenham AL,1,-25.8033,146.4253,0.0,243,0,1,FFFFFF,1040.0,0
92,Bilambil Heights (Ma,1,-28.216,153.478,156.4,243,0,1,FFFFFF,,0
93,Billabalong AL,1,-25.1329,148.5929,0.0,307,0,1,FFFFFF,1207.0,0
94,Billinudgel (Marshal,1,-28.5016,153.5268,5.7,243,0,1,FFFFFF,0.0,0
95,Biloela AL,1,-24.435,150.541,0.0,243,0,1,FFFFFF,903.0,0
96,Bilwon AL,1,-16.8419,145.4433,374.0,243,0,1,FFFFFF,6815.0,0
97,Bilyana AL,1,-18.1181,145.8772,61.3,307,0,1,FFFFFF,5200.0,0
98,Binnowee Al,1,-26.4842,146.0861,0.0,243,0,1,FFFFFF,4230.0,0
99,Birdsville Police St,1,-25.9003,139.3492,0.0,243,0,1,FFFFFF,,0
100,Black Mountain (Farl,1,-21.0642,149.0955,296.0,307,0,1,FFFFFF,5095.0,0
101,Black Mt. AL,1,-26.4075,152.8625,215.7,243,0,1,FFFFFF,,0
102,Black River AL,1,-19.2375,146.6328,15.5,243,0,1,FFFFFF,2714.0,0
103,Black Weir AL,1,-19.3164,146.735,18.5,243,0,1,FFFFFF,2756.0,0
104,Blackstone Br Al,1,-27.6219,152.7978,23.3,243,0,1,FFFFFF,2178.0,0
105,Blaxland Al,1,-27.1892,151.3378,350.1,243,0,1,FFFFFF,4976.0,0
106,Blenheim AL,1,-21.1006,148.2169,273.7,243,0,1,FFFFFF,2977.0,0
107,Bloomfield River Bri,1,-24.532,150.92,523.8,243,0,1,FFFFFF,,0
108,Blue Hills AL,1,-24.532,150.92,523.8,243,0,1,FFFFFF,910.0,0
109,Bluewater AL,1,-19.1833,146.5469,20.4,243,0,1,FFFFFF,2709.0,0
110,Bluff AL,1,-23.5903,149.0569,0.0,243,0,1,FFFFFF,5918.0,0
111,Boar Pocket AL,1,-17.1967,145.6694,736.5,243,0,1,FFFFFF,6842.0,0
112,Boat Harbour (Rous R,1,-28.3217,153.3467,17.7,243,0,1,FFFFFF,7153.0,0
113,Bogarella Crossing A,1,-25.3381,147.1006,0.0,243,0,1,FFFFFF,,0
114,Bohle River AL,1,-19.3181,146.7028,17.3,243,0,1,FFFFFF,2722.0,0
115,Bohle River Kelso Tm,1,-19.3976,146.7008,32.0,243,0,1,FFFFFF,0.0,0
116,Bolinda Estate AL,1,-17.8311,145.7053,39.0,243,0,1,FFFFFF,5214.0,0
117,Bolton Rd AL,1,-16.8911,145.5458,386.6,243,0,1,FFFFFF,6818.0,0
118,Bones Knob AL,1,-17.2206,145.4469,935.4,307,0,1,FFFFFF,6802.0,0
119,Bony Mountain AL,1,-28.1014,151.8767,569.0,307,0,1,FFFFFF,5706.0,0
120,Boompa Rd AL,1,-25.6358,152.1811,121.0,243,0,1,FFFFFF,5631.0,0
121,Boonah AL,1,-28.0033,152.6875,97.3,243,0,1,FFFFFF,5350.0,0
122,Boondooma Rptr AL,1,-26.0942,151.4417,324.1,307,0,1,FFFFFF,,0
123,Boondoon Tm,1,-25.702,145.1291,0.0,243,0,1,FFFFFF,0.0,0
124,Boortkoi AL,1,-26.5264,150.3953,333.6,243,0,1,FFFFFF,6142.0,0
125,Bottle Tree AL,1,-26.8,150.4322,384.4,307,0,1,FFFFFF,4942.0,0
126,Boundary Ck AL,1,-20.4186,148.1108,184.5,243,0,1,FFFFFF,2610.0,0
127,Bowen Pump Station A,1,-20.0089,148.2044,9.6,243,0,1,FFFFFF,,0
128,Bowen Wtp AL,1,-20.3539,148.4492,53.3,243,0,1,FFFFFF,2648.0,0
129,Bowraville Lanes Bri,1,-30.6433,152.855,0.0,243,0,1,FFFFFF,,0
130,Boyne River (Chahpin,1,-26.4514,151.3874,359.5,243,0,1,FFFFFF,,0
131,Brabons AL,1,-19.4772,146.6314,81.9,243,0,1,FFFFFF,2805.0,0
132,Brandon AL,1,-19.5558,147.3681,8.8,243,0,1,FFFFFF,2988.0,0
133,Branyan (Woongarra P,1,-24.93,152.2553,38.2,243,0,1,FFFFFF,4732.0,0
134,Brassall (Hancocks B,1,-27.6036,152.7439,32.2,243,0,1,FFFFFF,,0
135,Bray Park (Water Tre,1,-28.341,153.378,22.0,243,0,1,FFFFFF,,0
136,Bray Park Weir,1,-28.3511,153.3681,11.8,243,0,1,FFFFFF,7189.0,0
137,Braziers Hill Al,1,-26.7261,151.1328,442.0,307,0,1,FFFFFF,4966.0,0
138,Brennans Knob Tm,1,-18.4571,142.5626,0.0,243,0,1,FFFFFF,0.0,0
139,Brigalow Br Aler,1,-26.9044,150.7831,311.9,243,0,1,FFFFFF,,0
140,Brinsmead AL,1,-16.8886,145.7108,100.3,307,0,1,FFFFFF,6830.0,0
141,Brisbane City AL,1,-27.4707,153.0341,20.9,243,0,1,FFFFFF,6749.0,0
142,Brisbane Rd AL,1,-27.6078,152.9083,25.8,243,0,1,FFFFFF,2188.0,0
143,BRdley Ck (Core,1,-20.6863,145.9473,0.0,307,0,1,FFFFFF,,0
144,BRdmere AL,1,-25.5686,149.4142,0.0,243,0,1,FFFFFF,4421.0,0
145,BRdwater Br (R,1,-29.0134,153.4311,4.6,243,0,1,FFFFFF,,0
146,BRdwater Ck Ale,1,-28.5986,151.8883,822.8,243,0,1,FFFFFF,,0
147,BRdwater Tm,1,-18.0797,141.1331,0.0,243,0,1,FFFFFF,0.0,0
148,Broken Back (Cedar C,1,-32.827,151.151,0.0,243,0,1,FFFFFF,7908.0,0
149,Bromfield Swamp Tm,1,-17.3725,145.5398,803.2,243,0,1,FFFFFF,0.0,0
150,Bromfleet AL,1,-27.9108,153.1047,44.7,243,0,1,FFFFFF,5320.0,0
151,Brunswick HwyOldBr,1,-28.5313,153.539,15.8,243,0,1,FFFFFF,,0
152,Bucketty,1,-33.104,151.1369,0.0,243,0,1,FFFFFF,7912.0,0
153,Budawang,1,-35.4801,149.9957,1122.5,307,0,1,FFFFFF,,0
154,Budds Mare (At The C,1,-30.9847,151.9721,870.3,243,0,1,FFFFFF,7717.0,0
155,Bukki Rd Br,1,-16.9248,145.903,26.0,243,0,1,FFFFFF,,0
156,Bulgun Ck AL,1,-17.8678,145.9247,128.5,243,0,1,FFFFFF,5226.0,0
157,Bullamalita,1,-34.897,149.774,693.8,243,0,1,FFFFFF,3265.0,0
158,Bumana,1,-34.677,149.725,683.1,307,0,1,FFFFFF,3263.0,0
159,Bundamba (Barclay St,1,-27.6203,152.8261,97.4,307,0,1,FFFFFF,2050.0,0
160,Bundamba (Hanlon St),1,-27.5914,152.7964,18.3,243,0,1,FFFFFF,2048.0,0
161,Bundamba School Aler,1,-27.6117,152.8064,19.6,243,0,1,FFFFFF,,0
162,Bundi Rd AL,1,-26.0947,149.6225,293.1,307,0,1,FFFFFF,4402.0,0
163,Burdekin Dam AL,1,-20.6467,147.1372,0.0,307,0,1,FFFFFF,2913.0,0
164,Burketown Airstrip,1,-17.7561,139.5283,4.2,243,0,1,FFFFFF,,0
165,Burleigh Tm,1,-19.9447,143.1733,0.0,243,0,1,FFFFFF,0.0,0
166,Burncluith Br Al,1,-26.6717,150.7206,314.5,243,0,1,FFFFFF,4914.0,0
167,Burraburri Ck Al,1,-26.4092,151.1222,357.7,243,0,1,FFFFFF,4902.0,0
168,Burringbar North Arm,1,-28.405,153.46,153.0,243,0,1,FFFFFF,3485.0,0
169,Burringbar Reservo,1,-28.4372,153.4729,45.0,307,0,1,FFFFFF,,0
170,Bushland Beach Al,1,-19.1936,146.6808,8.6,243,0,1,FFFFFF,2780.0,0
171,Bushley AL,1,-23.5919,150.2382,0.0,243,0,1,FFFFFF,,0
172,Bybera Tm,1,-28.2694,150.8106,294.8,243,0,1,FFFFFF,0.0,0
173,Cairns Airport AL,1,-16.8622,145.7419,2.5,243,0,1,FFFFFF,6838.0,0
174,Cairns Harbour Tide,1,-16.9267,145.7808,10.1,243,0,1,FFFFFF,,0
175,Calcium AL,1,-19.655,146.7994,175.5,243,0,1,FFFFFF,2831.0,0
176,Callide Dam Inflow A,1,-24.3253,150.6842,0.0,307,0,1,FFFFFF,937.0,0
177,Calowrie AL,1,-26.1697,146.1981,0.0,307,0,1,FFFFFF,4236.0,0
178,Camboon AL,1,-25.0106,150.3889,362.5,243,0,1,FFFFFF,4443.0,0
179,Cambooya Hodgson Crk,1,-27.706,151.862,465.9,243,0,1,FFFFFF,,0
180,Cameron Hill AL,1,-19.7437,146.8586,310.4,307,0,1,FFFFFF,6300.0,0
181,Campbells Gully Aler,1,-28.1781,152.0594,476.9,243,0,1,FFFFFF,,0
182,Campbells River (Ups,1,-33.6134,149.6987,736.3,243,0,1,FFFFFF,7355.0,0
183,Canaan Ck Al,1,-26.3956,150.6767,395.9,243,0,1,FFFFFF,4908.0,0
184,Caniaview AL,1,-24.785,150.9728,583.8,307,0,1,FFFFFF,700.0,0
185,Canning Ck AL,1,-28.1711,151.1361,351.4,243,0,1,FFFFFF,4502.0,0
186,Cannonvale AL,1,-20.2814,148.685,39.0,243,0,1,FFFFFF,2657.0,0
187,Canobolas (Hillview),1,-33.303,149.0474,980.6,243,0,1,FFFFFF,3552.0,0
188,Caravan Park (Wooli,1,-29.8517,153.253,0.0,243,0,1,FFFFFF,,0
189,Carbrook AL,1,-27.6547,153.2317,24.8,243,0,1,FFFFFF,6202.0,0
190,Carbrook(Riedel Rd,1,-27.7,153.2833,8.9,243,0,1,FFFFFF,,0
191,Cardwell Gap AL,1,-18.5422,146.1844,31.4,243,0,1,FFFFFF,5805.0,0
192,Cardwell Tide  AL,1,-18.2633,146.0258,6.5,243,0,1,FFFFFF,,0
193,Caroline Crossing Al,1,-25.6147,146.7489,0.0,243,0,1,FFFFFF,,0
194,Carpentaria Br T,1,-18.7272,144.3125,484.6,243,0,1,FFFFFF,,0
195,Carroll Village (Nam,1,-30.9833,150.4417,284.4,307,0,1,FFFFFF,,0
196,Carrs Lookout AL,1,-28.2944,152.4156,1093.7,307,0,1,FFFFFF,,0
197,Cartridge Ck Tm,1,-18.6898,139.4659,0.0,243,0,1,FFFFFF,0.0,0
198,Casino Rd Br (,1,-28.8694,153.0458,40.2,243,0,1,FFFFFF,,0
199,Castle Ck AL,1,-24.8881,150.1992,0.0,307,0,1,FFFFFF,4474.0,0
200,Castle Hill AL,1,-19.2586,146.8031,250.0,307,0,1,FFFFFF,2766.0,0
201,Cedar Ck (Plunket,1,-27.8324,153.1738,40.5,307,0,1,FFFFFF,,0
202,Centenary Br Tm,1,-27.8086,151.3632,378.8,243,0,1,FFFFFF,0.0,0
203,Central Mill AL,1,-17.6089,145.9792,18.1,243,0,1,FFFFFF,,0
204,Ceratodus AL,1,-25.2831,151.145,186.8,243,0,1,FFFFFF,754.0,0
205,Chaffey Dam D/S (Pee,1,-31.3431,151.1422,515.2,243,0,1,FFFFFF,3624.0,0
206,Chaffey Dam W/L (Pee,1,-31.35,151.1375,552.3,243,0,1,FFFFFF,0.0,0
207,Charleville(Bradleys,1,-26.4031,146.2383,0.0,243,0,1,FFFFFF,,0
208,Charters Towers Weir,1,-19.9662,146.3053,0.0,307,0,1,FFFFFF,0.0,0
209,Cherrabah AL,1,-28.4389,152.0947,709.3,243,0,1,FFFFFF,6850.0,0
210,Cherwell River (Rail,1,-25.2905,152.416,29.5,307,0,1,FFFFFF,,0
211,Chillingham,1,-28.3132,153.2759,57.5,243,0,1,FFFFFF,3457.0,0
212,Chinchilla Al,1,-26.7369,150.6228,306.3,243,0,1,FFFFFF,4911.0,0
213,Chinchilla Weir Tw,1,-26.8,150.5753,301.6,243,0,1,FFFFFF,,0
214,Chinderah (Tweed Riv,1,-28.231,153.555,4.1,243,0,1,FFFFFF,7177.0,0
215,Chinook (Mehi River),1,-29.4752,149.977,0.0,243,0,1,FFFFFF,0.0,0
216,Chisholm Trail Oak V,1,-19.388,146.8094,83.2,243,0,1,FFFFFF,0.0,0
217,Churchill AL,1,-27.6335,152.754,23.3,243,0,1,FFFFFF,2043.0,0
218,Churchill Street Ale,1,-25.5344,152.7067,9.4,243,0,1,FFFFFF,,0
219,Claraville Tm,1,-18.658,141.711,0.0,243,0,1,FFFFFF,0.0,0
220,Clare AL,1,-19.7586,147.2436,28.5,307,0,1,FFFFFF,2948.0,0
221,Clarke Range AL,1,-21.0794,148.5442,975.3,307,0,1,FFFFFF,,0
222,Clarke Range2 AL,1,-21.0794,148.5442,975.3,243,0,1,FFFFFF,,0
223,Clarke River Tm,1,-19.213,145.4408,0.0,243,0,1,FFFFFF,0.0,0
224,Clarrie Hall Dam D/S,1,-28.43,153.315,73.5,243,0,1,FFFFFF,,0
225,Clearfield (Old Tent,1,-29.1745,152.8775,74.0,243,0,1,FFFFFF,0.0,0
226,Clermont Alpha Rd Tm,1,-22.8949,147.2053,0.0,243,0,1,FFFFFF,0.0,0
227,Cliffdale Al,1,-27.2265,145.4986,290.5,307,0,1,FFFFFF,,0
228,Clothiers Ck,1,-28.336,153.476,50.8,243,0,1,FFFFFF,,0
229,Clovelly AL,1,-26.4764,150.0764,406.3,307,0,1,FFFFFF,4924.0,0
230,Clump Point Tide Ale,1,-17.8503,146.1061,3.2,243,0,1,FFFFFF,,0
231,Clyde Rd AL,1,-17.3247,145.9522,7.5,243,0,1,FFFFFF,5114.0,0
232,Clydesdale AL,1,-27.1939,151.4864,378.6,243,0,1,FFFFFF,6118.0,0
233,Cockatoo Rd AL,1,-25.6811,150.1336,218.8,243,0,1,FFFFFF,4425.0,0
234,Comboyne (Thone Rive,1,-31.6097,152.4625,595.7,243,0,1,FFFFFF,0.0,0
235,Condamine AL,1,-26.9267,150.1314,284.0,243,0,1,FFFFFF,6140.0,0
236,Congie Tm,1,-26.8766,143.5853,0.0,243,0,1,FFFFFF,0.0,0
237,Connolly Dam AL,1,-28.3558,151.9967,574.4,243,0,1,FFFFFF,6859.0,0
238,Conondale AL,1,-26.7294,152.7133,139.0,243,0,1,FFFFFF,5440.0,0
239,Cons Plains AL,1,-28.2297,152.4164,1194.8,243,0,1,FFFFFF,6895.0,0
240,Cooinda AL,1,-23.7217,146.9411,0.0,307,0,1,FFFFFF,4656.0,0
241,Cooks Tank AL,1,-25.4964,146.3072,0.0,307,0,1,FFFFFF,1004.0,0
242,Coolabine Ck Aler,1,-26.5967,152.7672,150.9,243,0,1,FFFFFF,,0
243,Cooladdi AL,1,-26.6333,145.4636,0.0,243,0,1,FFFFFF,1058.0,0
244,Coolmaringa AL,1,-23.3184,149.5224,0.0,243,0,1,FFFFFF,1170.0,0
245,Cooma (Benefield),1,-36.265,149.1208,0.0,243,0,1,FFFFFF,7815.0,0
246,Cooma (Bondo),1,-36.355,149.145,0.0,243,0,1,FFFFFF,7807.0,0
247,Cooma (Cherry Tree),1,-36.3889,149.05,0.0,243,0,1,FFFFFF,7811.0,0
248,Cooma (Myalla Lake),1,-36.4083,149.1183,0.0,243,0,1,FFFFFF,7809.0,0
249,Cooma (Willarney),1,-36.3083,149.0917,0.0,243,0,1,FFFFFF,7813.0,0
250,Cooma (Willow Grove),1,-36.3,149.1417,0.0,243,0,1,FFFFFF,7805.0,0
251,Cooma Smec (Cooma Ba,1,-36.24,149.1167,0.0,243,0,1,FFFFFF,7817.0,0
252,Coonambula AL,1,-25.5884,151.1489,137.7,307,0,1,FFFFFF,789.0,0
253,Coopers Shoot Repeat,1,-28.6777,153.596,123.0,307,0,1,FFFFFF,7549.0,0
254,Coorada AL,1,-25.0114,149.5042,0.0,243,0,1,FFFFFF,4408.0,0
255,Cooran AL,1,-26.3297,152.8136,82.3,243,0,1,FFFFFF,6932.0,0
256,Cooranga Al,1,-26.77,151.4064,552.3,243,0,1,FFFFFF,4957.0,0
257,Cooringa AL,1,-27.0908,151.5961,521.0,243,0,1,FFFFFF,4971.0,0
258,Cooroy AL,1,-26.4064,152.9211,139.7,243,0,1,FFFFFF,6924.0,0
259,Copeland Tops (Copel,1,-31.9723,151.8092,771.6,307,0,1,FFFFFF,3652.0,0
260,Copmanhurst (Clarenc,1,-29.5944,152.7806,0.0,243,0,1,FFFFFF,,0
261,Copperlode Dam AL,1,-16.9794,145.6747,424.4,243,0,1,FFFFFF,,0
262,Coral Ave at Mullu,1,-28.5485,153.4854,13.9,243,0,1,FFFFFF,,0
263,Cordalba AL,1,-25.1569,152.2119,100.1,243,0,1,FFFFFF,4761.0,0
264,Corfield Tm,1,-21.7161,143.3742,255.0,243,0,1,FFFFFF,0.0,0
265,Coringa AL,1,-25.3803,151.9869,61.8,243,0,1,FFFFFF,4705.0,0
266,Cormacks AL,1,-19.4392,146.8464,56.7,243,0,1,FFFFFF,2820.0,0
267,Corndale (Coopers Cr,1,-28.7231,153.3614,25.5,243,0,1,FFFFFF,,0
268,Corsis AL,1,-17.5967,145.9014,140.8,243,0,1,FFFFFF,2553.0,0
269,Cottonbush Ck Tm,1,-22.9363,139.1893,0.0,243,0,1,FFFFFF,0.0,0
270,Couchy Ck,1,-28.2662,153.279,151.6,243,0,1,FFFFFF,3455.0,0
271,Coulson Crossing Ale,1,-27.9521,152.7271,74.2,243,0,1,FFFFFF,,0
272,Cracow AL,1,-25.2883,150.2936,0.0,307,0,1,FFFFFF,4441.0,0
273,Craiglands AL,1,-24.15,150.525,0.0,243,0,1,FFFFFF,922.0,0
274,Craiglie Tm,1,-16.5395,145.474,6.0,243,0,1,FFFFFF,0.0,0
275,Crawfords Lookout Al,1,-17.615,145.8011,332.4,243,0,1,FFFFFF,,0
276,Creb Track Tm,1,-16.1958,145.2922,13.6,243,0,1,FFFFFF,0.0,0
277,Croftby AL,1,-28.1481,152.57,173.0,243,0,1,FFFFFF,5345.0,0
278,Crystal Brook,1,-31.945,150.8119,307.2,243,0,1,FFFFFF,,0
279,Cudgera Ck (Potts,1,-28.402,153.533,71.6,243,0,1,FFFFFF,,0
280,Cungulla  AL,1,-19.3967,147.1072,9.4,243,0,1,FFFFFF,,0
281,D/S Borenore Ck (Mol,1,-33.1636,148.9597,619.7,243,0,1,FFFFFF,0.0,0
282,Dagworth Tm,1,-21.6635,142.199,196.9,243,0,1,FFFFFF,0.0,0
283,Daintree Village Tm,1,-16.2497,145.3172,27.4,243,0,1,FFFFFF,0.0,0
284,Dajarra Airport TM,1,-21.7013,139.5308,0.0,243,0,1,FFFFFF,0.0,0
285,Dakiel AL,1,-24.7456,151.2603,304.9,243,0,1,FFFFFF,716.0,0
286,Dalbeg AL,1,-20.3089,147.2961,61.6,243,0,1,FFFFFF,2928.0,0
287,Dalby AL,1,-27.1833,151.2661,344.4,243,0,1,FFFFFF,6121.0,0
288,Dalcouth  AL,1,-28.6794,151.9831,860.6,243,0,1,FFFFFF,,0
289,Dalgangal Rd AL,1,-25.4194,151.5225,146.5,243,0,1,FFFFFF,830.0,0
290,Dalrymple Rd AL,1,-19.2919,146.7108,13.4,243,0,1,FFFFFF,2790.0,0
291,Dalveen AL,1,-28.5,151.9706,928.7,243,0,1,FFFFFF,6876.0,0
292,Darlington AL,1,-28.2608,153.0917,314.7,243,0,1,FFFFFF,5304.0,0
293,Darlington School Al,1,-28.2059,153.0408,195.6,243,0,1,FFFFFF,5392.0,0
294,Davidson Ck AL,1,-17.9608,145.7539,36.3,243,0,1,FFFFFF,5204.0,0
295,Davies Ck Rd Tm,1,-17.0232,145.5858,651.4,243,0,1,FFFFFF,0.0,0
296,Davies Ck Tm,1,-16.9416,145.5416,407.9,307,0,1,FFFFFF,0.0,0
297,Dawson Range South A,1,-24.5944,149.8133,0.0,307,0,1,FFFFFF,4471.0,0
298,Deeragun AL,1,-19.2797,146.6486,26.0,243,0,1,FFFFFF,2735.0,0
299,Deickmans Br Ale,1,-28.2453,152.8908,112.6,243,0,1,FFFFFF,,0
300,Delaneys Ck AL,1,-27.0019,152.7872,142.5,243,0,1,FFFFFF,6297.0,0
301,Derra AL,1,-25.6733,151.2436,134.7,243,0,1,FFFFFF,818.0,0
302,Devencourt Station,1,-21.2149,140.2339,0.0,243,0,1,FFFFFF,,0
303,Diamondy Al,1,-26.6333,151.2703,433.6,243,0,1,FFFFFF,4961.0,0
304,Didcott AL,1,-25.4775,151.865,150.9,243,0,1,FFFFFF,4740.0,0
305,Dingo Beach AL,1,-20.0997,148.4919,101.1,243,0,1,FFFFFF,2663.0,0
306,Dittmer AL,1,-20.4267,148.4758,37.9,243,0,1,FFFFFF,2653.0,0
307,Diwan Tm,1,-16.2031,145.404,32.0,243,0,1,FFFFFF,0.0,0
308,Donnington Airpark A,1,-19.6017,146.8403,68.0,243,0,1,FFFFFF,6315.0,0
309,Doomadgee Tm,1,-17.959,138.8519,0.0,243,0,1,FFFFFF,0.0,0
310,Doongal Ck (Old G,1,-25.501,152.3893,68.9,243,0,1,FFFFFF,,0
311,Doongarra Rd TM,1,-20.6176,146.2823,0.0,243,0,1,FFFFFF,0.0,0
312,Doongul Ck (Wongi,1,-25.4694,152.4643,59.0,243,0,1,FFFFFF,,0
313,Dora Ck,1,-33.097,151.5038,0.0,243,0,1,FFFFFF,0.0,0
314,Double Crossing Rd A,1,-28.0369,153.1417,131.9,243,0,1,FFFFFF,5381.0,0
315,Dow's Ck AL,1,-21.1092,148.7839,70.1,243,0,1,FFFFFF,,0
316,Downfall Ck AL,1,-25.5003,150.2506,0.0,243,0,1,FFFFFF,4427.0,0
317,Dry Dock (Terranora,1,-28.193,153.524,5.2,243,0,1,FFFFFF,,0
318,Duaringa AL,1,-23.718,149.6714,0.0,243,0,1,FFFFFF,1172.0,0
319,Duckponds AL,1,-23.4817,148.4728,0.0,243,0,1,FFFFFF,5869.0,0
320,Dumaresq Dam D/S (Du,1,-30.4661,151.6144,0.0,243,0,1,FFFFFF,0.0,0
321,Dumbleton Rocks Aler,1,-21.1439,149.0753,26.7,243,0,1,FFFFFF,,0
322,Duncans Ck (Dunca,1,-31.3453,151.1752,529.3,243,0,1,FFFFFF,,0
323,Dunmore Exchange Tm,1,-27.6539,150.9136,339.8,243,0,1,FFFFFF,0.0,0
324,Dunvegan AL,1,-26.1367,146.6942,0.0,307,0,1,FFFFFF,4248.0,0
325,Durah Homestead Al,1,-26.2839,150.9664,373.9,243,0,1,FFFFFF,4900.0,0
326,Durikai AL,1,-28.2767,151.6022,644.7,243,0,1,FFFFFF,5758.0,0
327,Durrumbul(Brunswick),1,-28.5328,153.4567,20.6,243,0,1,FFFFFF,,0
328,Dutton River TM [RN],1,-20.2932,143.8714,0.0,243,0,1,FFFFFF,,0
329,Dutton River Tm [WL],1,-20.6284,143.3612,0.0,243,0,1,FFFFFF,,0
330,East Barrattas AL,1,-19.5728,147.2233,12.1,243,0,1,FFFFFF,6349.0,0
331,East Booyal AL,1,-25.252,152.084,133.5,243,0,1,FFFFFF,4744.0,0
332,East Leichardt Dam T,1,-20.7797,139.7849,0.0,243,0,1,FFFFFF,0.0,0
333,Eidsvold AL,1,-25.4022,151.1033,152.8,243,0,1,FFFFFF,757.0,0
334,EILDON HILL AL,1,-27.4328,153.0242,40.3,307,0,1,FFFFFF,1825.0,0
335,Elbow Valley AL,1,-28.3731,152.14,491.8,243,0,1,FFFFFF,6871.0,0
336,Eleebana Reservoir,1,-32.9956,151.6515,0.0,243,0,1,FFFFFF,7887.0,0
337,Ellerston (Poitrel),1,-31.7069,151.2131,697.2,243,0,1,FFFFFF,0.0,0
338,Eltham (Wilsons Cree,1,-28.7569,153.3944,24.6,243,0,1,FFFFFF,,0
339,Emerald AL,1,-23.5297,148.1664,0.0,243,0,1,FFFFFF,5884.0,0
340,Emerald Crest AL,1,-17.0233,145.5183,504.6,243,0,1,FFFFFF,6810.0,0
341,Emu Ck AL,1,-20.4103,148.2306,218.7,243,0,1,FFFFFF,2640.0,0
342,Emu Ck at Pierces,1,-27.0644,152.0046,367.7,243,0,1,FFFFFF,,0
343,Emu Vale AL,1,-28.2292,152.2269,507.4,243,0,1,FFFFFF,6874.0,0
344,Eromanga Al,1,-26.6682,143.2668,0.0,243,0,1,FFFFFF,,0
345,Escott Station,1,-17.7999,139.3605,14.0,243,0,1,FFFFFF,,0
346,Esmeralda Rr TM,1,-18.8804,142.5623,0.0,243,0,1,FFFFFF,,0
347,Eton Vale AL,1,-20.2933,147.6647,190.1,243,0,1,FFFFFF,2983.0,0
348,Eugowra Town (Mandag,1,-33.4333,148.3833,275.8,243,0,1,FFFFFF,,0
349,Eungella (Oxley Rive,1,-28.3538,153.293,36.8,243,0,1,FFFFFF,7157.0,0
350,Eungella AL,1,-21.1317,148.4931,680.6,243,0,1,FFFFFF,6188.0,0
351,Eungella Dam AL,1,-21.1403,148.3653,685.7,243,0,1,FFFFFF,2981.0,0
352,Euramo AL,1,-17.9922,145.9425,11.9,307,0,1,FFFFFF,5211.0,0
353,Eversfield Tm,1,-26.6569,147.4481,0.0,243,0,1,FFFFFF,0.0,0
354,Ewart Ck AL,1,-23.7003,150.5483,0.0,243,0,1,FFFFFF,,0
355,Expedition Pass Aler,1,-20.1833,147.165,99.2,243,0,1,FFFFFF,,0
356,Extended Range AL,1,-17.5512,145.2111,952.0,243,0,1,FFFFFF,5807.0,0
357,Fanning River (Burde,1,-19.981,146.4485,0.0,243,0,1,FFFFFF,,0
358,Fanning River (Dotsw,1,-19.7336,146.4278,271.2,243,0,1,FFFFFF,0.0,0
359,Farrars Ck Tm,1,-25.1642,141.2387,0.0,243,0,1,FFFFFF,0.0,0
360,Fifteen Mile AL,1,-27.3986,152.0731,482.6,243,0,1,FFFFFF,4043.0,0
361,Fig Tree AL,1,-25.2839,151.9892,55.2,243,0,1,FFFFFF,4708.0,0
362,Finch Hatton AL,1,-21.1328,148.6492,92.4,243,0,1,FFFFFF,5003.0,0
363,Finch Hatton Dam (Go,1,-21.1119,148.6353,121.1,243,0,1,FFFFFF,5048.0,0
364,Finch Hatton Showgro,1,-21.1379,148.6344,95.2,243,0,1,FFFFFF,5059.0,0
365,Findon Ck,1,-28.3885,152.8803,149.9,243,0,1,FFFFFF,,0
366,Fish Hole Ck Tm,1,-17.6318,141.993,0.0,243,0,1,FFFFFF,0.0,0
367,Flaggy Ck AL,1,-16.7803,145.5303,398.8,243,0,1,FFFFFF,6823.0,0
368,Flagstone Ck (Jimboo,1,-27.8042,152.9828,33.4,243,0,1,FFFFFF,5375.0,0
369,Flagstone Ck Aler,1,-27.6047,152.1325,152.9,243,0,1,FFFFFF,,0
370,Fletchervale Rd (Wan,1,-19.8319,145.1988,0.0,243,0,1,FFFFFF,0.0,0
371,Flinders Cloncurry J,1,-18.5594,140.7194,0.0,243,0,1,FFFFFF,0.0,0
372,Florence Ck TM,1,-21.2014,140.5077,0.0,243,0,1,FFFFFF,0.0,0
373,Fog Ck Tm,1,-19.2463,143.0669,0.0,243,0,1,FFFFFF,0.0,0
374,Folding Hills AL,1,-24.575,150.624,235.0,243,0,1,FFFFFF,916.0,0
375,Foleyvale  AL,1,-23.5272,149.7189,0.0,243,0,1,FFFFFF,,0
376,Forbes Iron Br (,1,-33.4,148.0167,242.0,243,0,1,FFFFFF,,0
377,Forbesdale (Barringt,1,-32.038,151.8667,141.0,243,0,1,FFFFFF,3670.0,0
378,Forbesdale (Gloucest,1,-32.059,151.897,182.2,243,0,1,FFFFFF,0.0,0
379,Fords Rd Al,1,-27.529,152.1928,163.6,243,0,1,FFFFFF,4080.0,0
380,Fossickers Flat (Sho,1,-34.8217,150.1817,272.4,243,0,1,FFFFFF,7017.0,0
381,Fosters (Bellingen R,1,-30.4417,152.8852,0.0,243,0,1,FFFFFF,0.0,0
382,Four Mile AL,1,-19.8647,146.7831,126.6,243,0,1,FFFFFF,6344.0,0
383,Four Ways Wdr Tm,1,-19.2497,140.3673,0.0,243,0,1,FFFFFF,,0
384,Foxground,1,-34.7203,150.7692,70.4,243,0,1,FFFFFF,3387.0,0
385,Foxley AL,1,-28.27,153.0264,184.6,243,0,1,FFFFFF,5306.0,0
386,Fraser Coast Regiona,1,-25.3149,152.8885,11.6,243,0,1,FFFFFF,,0
387,Gairloch AL,1,-18.6178,146.1836,18.9,243,0,1,FFFFFF,6042.0,0
388,Gambubal Rd AL,1,-28.2758,152.3447,1042.4,243,0,1,FFFFFF,6891.0,0
389,Gargett AL,1,-21.1781,148.7442,68.0,243,0,1,FFFFFF,6167.0,0
390,Garradunga  AL,1,-17.4606,145.9922,12.5,243,0,1,FFFFFF,,0
391,Gatton,1,-27.555,152.275,107.6,243,0,1,FFFFFF,,0
392,Gayndah Flume AL,1,-25.6217,151.6031,113.7,243,0,1,FFFFFF,824.0,0
393,Gears (Wyong River),1,-33.2528,151.316,0.0,243,0,1,FFFFFF,7404.0,0
394,Georges Ck (Macle,1,-30.7533,152.205,0.0,243,0,1,FFFFFF,,0
395,Georges Plains (Quee,1,-33.5273,149.5206,690.0,243,0,1,FFFFFF,7372.0,0
396,Ghinghinda AL,1,-25.1497,149.7281,0.0,307,0,1,FFFFFF,4410.0,0
397,Ghost Hill AL,1,-25.3108,152.8319,68.4,307,0,1,FFFFFF,5600.0,0
398,Giddi Giddi South Tm,1,-28.4033,150.0517,202.8,243,0,1,FFFFFF,0.0,0
399,Gillies Lookout Aler,1,-17.1706,145.6886,738.1,307,0,1,FFFFFF,,0
400,Giru AL,1,-19.5126,147.1115,8.3,243,0,1,FFFFFF,6333.0,0
401,Gleesons Mill AL,1,-19.4347,146.7039,35.0,243,0,1,FFFFFF,2728.0,0
402,Glen Allyn AL,1,-17.3808,145.6508,707.8,307,0,1,FFFFFF,2595.0,0
403,Glen Rock Al,1,-24.4636,147.5681,0.0,307,0,1,FFFFFF,5890.0,0
404,Glenaubyn AL,1,-26.5083,149.9483,384.7,243,0,1,FFFFFF,4929.0,0
405,Gleneagle,1,-18.1608,145.3422,573.7,243,0,1,FFFFFF,,0
406,Gleneagle AL,1,-18.1919,145.3325,574.3,243,0,1,FFFFFF,6055.0,0
407,Glengallan Ck Ale,1,-28.1167,152.0642,466.3,243,0,1,FFFFFF,,0
408,Glengarry Al,1,-26.5705,147.0975,0.0,307,0,1,FFFFFF,,0
409,Glengyle,1,-24.7856,139.5919,0.0,243,0,1,FFFFFF,,0
410,Glenhaughton Rd Aler,1,-25.4172,149.5236,0.0,243,0,1,FFFFFF,,0
411,Gleniffer (Never Nev,1,-30.3883,152.8817,0.0,243,0,1,FFFFFF,,0
412,Glenmoan Station Tm,1,-20.815,144.4398,0.0,243,0,1,FFFFFF,0.0,0
413,Glennely Ck,1,-35.0872,150.4563,41.2,243,0,1,FFFFFF,7029.0,0
414,Glenwood (Mary River,1,-25.9358,152.6161,67.8,243,0,1,FFFFFF,,0
415,Gloucester (Gloucest,1,-32.005,151.958,104.6,243,0,1,FFFFFF,0.0,0
416,Goldsborough Valley,1,-17.2464,145.7744,83.6,243,0,1,FFFFFF,,0
417,Goltz Rd AL,1,-27.8658,152.1814,457.8,243,0,1,FFFFFF,4047.0,0
418,Goolmangar (Goolmang,1,-28.4788,153.218,180.6,243,0,1,FFFFFF,7134.0,0
419,Goomburra AL,1,-28.0389,152.1081,509.4,243,0,1,FFFFFF,5749.0,0
420,Goonellabah(Wyreem,1,-28.8222,153.3175,194.0,307,0,1,FFFFFF,,0
421,Goonoo Goonoo (Goono,1,-31.2717,150.9167,445.9,243,0,1,FFFFFF,3616.0,0
422,Goovigen AL,1,-24.106,150.287,0.0,243,0,1,FFFFFF,925.0,0
423,Gordon Ck AL,1,-19.3139,146.8094,4.9,307,0,1,FFFFFF,2851.0,0
424,Gordonvale AL,1,-17.1011,145.7894,16.7,307,0,1,FFFFFF,5105.0,0
425,Gormans Gap AL,1,-27.6417,151.9844,660.7,243,0,1,FFFFFF,4026.0,0
426,Goulburn (Pomeroy),1,-34.6514,149.5024,688.5,243,0,1,FFFFFF,3261.0,0
427,Gowan Green (Bell Ri,1,-32.8006,148.9803,389.2,243,0,1,FFFFFF,0.0,0
428,Grandchester AL,1,-27.6631,152.4611,86.8,243,0,1,FFFFFF,2066.0,0
429,Granite Street AL,1,-28.6633,151.9367,796.0,243,0,1,FFFFFF,5724.0,0
430,Greenhaven AL,1,-17.5875,145.5997,847.3,243,0,1,FFFFFF,2525.0,0
431,Greenswamp Rd Charle,1,-26.7731,150.5442,301.0,243,0,1,FFFFFF,,0
432,Gregory Highway Aler,1,-23.4292,148.1514,0.0,243,0,1,FFFFFF,,0
433,Grey's Plains Rd A,1,-27.8025,152.4361,136.9,243,0,1,FFFFFF,,0
434,Grigor Rd AL,1,-26.7181,152.6692,163.4,243,0,1,FFFFFF,6433.0,0
435,Groper Ck AL,1,-19.6917,147.5317,4.6,243,0,1,FFFFFF,2915.0,0
436,Gungas Rd (Mulgum,1,-28.5732,153.247,103.4,243,0,1,FFFFFF,,0
437,Gunnawarra Al (Rudd,1,-17.9164,145.1503,603.8,243,0,1,FFFFFF,,0
438,Gyranda Weir AL,1,-25.2842,150.1825,0.0,243,0,1,FFFFFF,4430.0,0
439,Halifax AL,1,-18.5789,146.2803,5.6,243,0,1,FFFFFF,6025.0,0
440,Hamilton River Stati,1,-22.7727,140.6373,164.1,243,0,1,FFFFFF,0.0,0
441,Hamilton River Stati,1,-22.7731,140.6198,0.0,243,0,1,FFFFFF,0.0,0
442,Hampstead Tm,1,-19.8712,143.6155,0.0,243,0,1,FFFFFF,0.0,0
443,Harding Street AL,1,-27.6375,152.7903,31.6,243,0,1,FFFFFF,,0
444,Harper Ck AL,1,-26.7642,152.7722,507.4,243,0,1,FFFFFF,6429.0,0
445,Harpers Crossing Ale,1,-28.0278,152.6578,95.4,243,0,1,FFFFFF,,0
446,Harrisons Rd AL,1,-28.2583,152.0925,456.7,243,0,1,FFFFFF,6898.0,0
447,Hartmann Br Tm,1,-28.3706,149.8811,200.0,243,0,1,FFFFFF,,0
448,Hastings (Sewerage T,1,-28.353,153.56,12.9,243,0,1,FFFFFF,,0
449,Haughton River (Flin,1,-19.8354,146.6893,153.5,307,0,1,FFFFFF,0.0,0
450,Hawkwood Range AL,1,-25.7158,150.9753,392.0,307,0,1,FFFFFF,776.0,0
451,Henderson Ck AL,1,-27.8296,153.0155,28.5,243,0,1,FFFFFF,4165.0,0
452,Herberton AL,1,-17.3769,145.3803,946.8,243,0,1,FFFFFF,6072.0,0
453,Highfields Tm,1,-27.4428,151.964,645.8,243,0,1,FFFFFF,0.0,0
454,Hillcrest(Wine Glass,1,-27.6763,153.03,77.0,307,0,1,FFFFFF,,0
455,Hinterland Way at Ne,1,-28.7602,153.5339,112.7,243,0,1,FFFFFF,,0
456,Hodgsonvale Rd TM,1,-27.6664,151.9491,514.0,243,0,1,FFFFFF,,0
457,Hollywell AL,1,-25.3319,151.2328,375.8,307,0,1,FFFFFF,742.0,0
458,Holmleigh Tm,1,-26.2999,147.9809,0.0,243,0,1,FFFFFF,0.0,0
459,Homebush Station Tm,1,-26.393,147.9415,0.0,243,0,1,FFFFFF,0.0,0
460,Horse Ck,1,-25.8902,149.7581,210.5,243,0,1,FFFFFF,,0
461,Hospital Br Aler,1,-21.1444,149.1544,11.9,307,0,1,FFFFFF,,0
462,Houghlahan's Ck,1,-28.7845,153.4772,118.8,243,0,1,FFFFFF,,0
463,Howard AL,1,-25.3289,152.5619,13.4,243,0,1,FFFFFF,,0
464,Hughenden Tm,1,-20.841,144.2011,0.0,243,0,1,FFFFFF,0.0,0
465,HulbERRTS Br Tm,1,-20.6419,142.6281,0.0,243,0,1,FFFFFF,,0
466,Humeburn Al,1,-27.3984,145.2076,197.1,307,0,1,FFFFFF,1089.0,0
467,Hurricane Cliff Al,1,-20.0944,147.7097,568.0,243,0,1,FFFFFF,2903.0,0
468,Ida Ck AL,1,-20.2886,148.1175,84.8,243,0,1,FFFFFF,2623.0,0
469,Iffley Tm,1,-18.8536,141.1917,0.0,243,0,1,FFFFFF,0.0,0
470,Ingham Depot AL,1,-18.67,146.1539,16.2,243,0,1,FFFFFF,6045.0,0
471,Ingham Pump Station,1,-18.6347,146.1444,16.4,243,0,1,FFFFFF,,0
472,Inglewood Br Ale,1,-28.4133,151.0825,286.0,243,0,1,FFFFFF,,0
473,Inkerman Br Aler,1,-19.6433,147.3972,18.0,243,0,1,FFFFFF,,0
474,Innisfail Wharf Aler,1,-17.5236,146.0325,9.2,243,0,1,FFFFFF,,0
475,Innisplain AL,1,-28.1704,152.9029,77.7,243,0,1,FFFFFF,5395.0,0
476,Inveralochy Br (,1,-34.9584,149.6625,667.6,243,0,1,FFFFFF,,0
477,Ipswich AL,1,-27.6117,152.7611,22.8,243,0,1,FFFFFF,2168.0,0
478,Isla-Delusion Crossi,1,-25.1803,150.185,0.0,243,0,1,FFFFFF,,0
479,Island Point Rd (St,1,-35.0989,150.5935,12.1,243,0,1,FFFFFF,,0
480,Jacks Ck AL,1,-20.7525,147.8819,0.0,243,0,1,FFFFFF,2958.0,0
481,Jambin AL,1,-24.198,150.367,0.0,243,0,1,FFFFFF,906.0,0
482,Jandowae Al,1,-26.7794,151.1086,360.7,243,0,1,FFFFFF,4955.0,0
483,Jandowae-Macalister,1,-26.8919,151.0853,337.2,243,0,1,FFFFFF,,0
484,Japoonvale AL,1,-17.7147,145.9056,46.3,243,0,1,FFFFFF,5277.0,0
485,Jarra Ck AL,1,-17.8831,145.8428,26.9,243,0,1,FFFFFF,5206.0,0
486,Jeogla (At East Kund,1,-30.8108,152.071,730.2,243,0,1,FFFFFF,7721.0,0
487,Jiggi (Gwynne Rd),1,-28.676,153.1538,258.1,243,0,1,FFFFFF,,0
488,Jindalee (Centenary),1,-27.5283,152.9467,17.4,243,0,1,FFFFFF,,0
489,Jinghi Jinghi AL,1,-26.6941,151.077,363.9,243,0,1,FFFFFF,4973.0,0
490,Jondaryan Lagoon Crk,1,-27.3688,151.5912,385.0,243,0,1,FFFFFF,,0
491,Jubilee Pocket AL,1,-20.2803,148.7456,116.6,243,0,1,FFFFFF,2659.0,0
492,Jubilee Pocket NEW T,1,-20.2698,148.7511,7.5,1,FFFFFF,0,0,,0
493,Junction View AL,1,-27.8011,152.1875,253.9,243,0,1,FFFFFF,4037.0,0
494,Kamerunga Br Ale,1,-16.8747,145.6856,15.7,243,0,1,FFFFFF,,0
495,Kangy Angy (Orchard,1,-33.3333,151.3901,0.0,243,0,1,FFFFFF,,0
496,Kangy Angy (Ourimbah,1,-33.3319,151.3833,0.0,243,0,1,FFFFFF,7392.0,0
497,Karamea AL,1,-24.52,149.77,0.0,243,0,1,FFFFFF,5990.0,0
498,Karangi (Orara River,1,-30.2544,153.0328,0.0,243,0,1,FFFFFF,0.0,0
499,Karara AL,1,-28.1342,151.5697,444.9,243,0,1,FFFFFF,5763.0,0
500,Kariong Reservoir,1,-33.4451,151.2966,0.0,243,0,1,FFFFFF,0.0,0
501,Kars Springs (Welldu,1,-31.8988,150.658,342.3,243,0,1,FFFFFF,7872.0,0
502,Kataughal Rd (Black,1,-19.2817,146.5922,35.5,243,0,1,FFFFFF,,0
503,Keerong Br Rd,1,-28.7138,153.2584,18.2,243,0,1,FFFFFF,,0
504,Keilambete AL,1,-23.4469,147.5961,0.0,243,0,1,FFFFFF,5948.0,0
505,Kelso Ck D/S Leve,1,-33.9548,150.9847,0.0,243,0,1,FFFFFF,,0
506,Kelso Ck U/S Leve,1,-33.9548,150.9847,0.0,243,0,1,FFFFFF,,0
507,Kempsey Rd Br (M,1,-31.0833,152.8467,17.5,243,0,1,FFFFFF,,0
508,Kendall (Delward),1,-31.6539,152.5561,122.1,243,0,1,FFFFFF,0.0,0
509,Kenilworth H/S AL,1,-26.5803,152.7322,105.0,243,0,1,FFFFFF,6476.0,0
510,Kerewong (Broken Bag,1,-31.5372,152.6931,45.2,243,0,1,FFFFFF,0.0,0
511,Kerimbilla Tm,1,-28.3911,150.4825,226.4,243,0,1,FFFFFF,0.0,0
512,Kettle Swamp Ck A,1,-28.6608,151.9494,824.5,243,0,1,FFFFFF,,0
513,Kilbronae Tm,1,-28.2817,150.3747,229.5,243,0,1,FFFFFF,0.0,0
514,Kilcare Heights Rese,1,-33.5216,151.3822,0.0,243,0,1,FFFFFF,0.0,0
515,Killarney (Spring Ck,1,-28.3544,152.3319,576.8,243,0,1,FFFFFF,6889.0,0
516,Killarney (Spring Ck,1,-28.3525,152.3373,592.0,243,0,1,FFFFFF,6889.0,0
517,Killarney AL,1,-28.3394,152.2944,519.6,243,0,1,FFFFFF,6862.0,0
518,Kilmoylar Rd AL,1,-27.84,152.9347,31.5,243,0,1,FFFFFF,5378.0,0
519,Kinchela Ck (Macl,1,-30.9933,152.9883,1.8,243,0,1,FFFFFF,,0
520,Kincumber,1,-33.45,151.4031,0.0,307,0,1,FFFFFF,0.0,0
521,Kincumber Mountain R,1,-33.4632,151.3801,0.0,243,0,1,FFFFFF,0.0,0
522,Kingfisher Camp Tm,1,-17.8751,138.2835,0.0,243,0,1,FFFFFF,0.0,0
523,Kings Ck Brg Rada,1,-28.5621,153.52,6.1,243,0,1,FFFFFF,,0
524,Kingscliff (Sewerage,1,-28.256,153.548,2.8,243,0,1,FFFFFF,,0
525,Kirby Tm,1,-21.9589,141.4817,244.7,243,0,1,FFFFFF,0.0,0
526,Kirrama AL,1,-18.1409,145.6101,591.2,243,0,1,FFFFFF,6060.0,0
527,Kirrama Range AL,1,-18.2086,145.7953,778.7,243,0,1,FFFFFF,5245.0,0
528,Knapps Peak AL,1,-28.1461,152.7358,283.3,243,0,1,FFFFFF,5347.0,0
529,Kogal (Nulla Nulla C,1,-30.7333,152.5,0.0,243,0,1,FFFFFF,,0
530,Kogan Condamine Rd A,1,-26.8926,150.38,298.3,243,0,1,FFFFFF,,0
531,Kookaburra (at The S,1,-31.0238,152.3388,966.6,243,0,1,FFFFFF,7723.0,0
532,Koolaroo (Cooma Cree,1,-36.2633,149.135,0.0,243,0,1,FFFFFF,,0
533,Koombooloomba AL,1,-17.8328,145.6011,752.5,307,0,1,FFFFFF,5224.0,0
534,Kooralbyn AL,1,-28.0661,152.8532,335.2,243,0,1,FFFFFF,5328.0,0
535,Kooralbyn Br Ale,1,-28.0925,152.8514,91.0,243,0,1,FFFFFF,,0
536,Kooroowi (Kalang Riv,1,-30.4653,152.8222,0.0,243,0,1,FFFFFF,0.0,0
537,Kootingal (Cockburn,1,-31.083,151.033,410.1,243,0,1,FFFFFF,,0
538,Koree Island (Hastin,1,-31.4628,152.6789,48.7,243,0,1,FFFFFF,0.0,0
539,Krismark Downs AL,1,-24.81,149.8247,0.0,307,0,1,FFFFFF,4451.0,0
540,Kroombit Repeater Al,1,-24.3566,150.94,0.0,307,0,1,FFFFFF,900.0,0
541,Kroombit Tops AL,1,-24.358,150.962,0.0,243,0,1,FFFFFF,948.0,0
542,Kullogum AL,1,-25.3308,152.2519,94.2,243,0,1,FFFFFF,4763.0,0
543,Kulpi AL,1,-27.1897,151.6994,464.0,243,0,1,FFFFFF,6102.0,0
544,Kynnumboon,1,-28.3167,153.3833,5.0,243,0,1,FFFFFF,7197.0,0
545,Lacks Ck (Middle,1,-28.4944,153.4847,40.5,243,0,1,FFFFFF,,0
546,Laglan Rd Tm,1,-22.5625,147.0721,0.0,243,0,1,FFFFFF,0.0,0
547,Laguna (Wollombi Bro,1,-32.9901,151.1325,0.0,243,0,1,FFFFFF,0.0,0
548,Laheys Lookout AL,1,-27.9972,153.1825,550.2,307,0,1,FFFFFF,5301.0,0
549,Laidley,1,-27.6514,152.3808,111.3,243,0,1,FFFFFF,,0
550,Lake Cathie (Sewerag,1,-31.5797,152.8381,8.5,243,0,1,FFFFFF,0.0,0
551,Lake Macdonald Drive,1,-26.3719,152.9242,98.0,243,0,1,FFFFFF,6929.0,0
552,Lake Munmorah,1,-33.194,151.5651,0.0,243,0,1,FFFFFF,,0
553,Lake Placid AL,1,-16.8683,145.6731,33.2,243,0,1,FFFFFF,6828.0,0
554,Landers Ck AL,1,-19.9972,147.1056,75.8,243,0,1,FFFFFF,2969.0,0
555,Langley Tm,1,-27.9753,150.9225,370.8,243,0,1,FFFFFF,0.0,0
556,Lanifer Tm,1,-21.9942,143.2537,214.5,243,0,1,FFFFFF,0.0,0
557,Lansdowne Br (Mu,1,-34.7691,149.7234,638.6,243,0,1,FFFFFF,,0
558,Laurel Bank Tm,1,-23.2967,150.435,0.0,243,0,1,FFFFFF,0.0,0
559,Lava Plains Rd Tm,1,-18.49,144.7976,696.9,243,0,1,FFFFFF,0.0,0
560,Leeson Tm,1,-22.1782,142.758,168.4,243,0,1,FFFFFF,0.0,0
561,Lenthalls Dam AL,1,-25.4019,152.5317,31.2,243,0,1,FFFFFF,6090.0,0
562,Limevale Tm,1,-28.725,151.1843,319.6,243,0,1,FFFFFF,0.0,0
563,Linkes Causeway Aler,1,-24.3806,150.5492,0.0,243,0,1,FFFFFF,,0
564,Lismore (Ballina St,1,-28.8128,153.2694,9.8,243,0,1,FFFFFF,,0
565,Lismore (Browns Ck P,1,-28.8058,153.2775,15.2,243,0,1,FFFFFF,,0
566,Lismore (Dawson Stre,1,-28.8081,153.2818,8.8,243,0,1,FFFFFF,7539.0,0
567,Lismore (Wilsons Riv,1,-28.81,153.2733,14.0,243,0,1,FFFFFF,7534.0,0
568,Little Bohle River A,1,-19.3258,146.6767,24.1,243,0,1,FFFFFF,2719.0,0
569,Liverpool Weir U/S (,1,-33.9267,150.9172,0.0,243,0,1,FFFFFF,7220.0,0
570,Loamside AL,1,-27.6831,152.7297,29.3,307,0,1,FFFFFF,2054.0,0
571,Loddon AL,1,-26.51,145.6172,0.0,307,0,1,FFFFFF,1055.0,0
572,Logan Ck Tm,1,-22.1653,147.5628,0.0,243,0,1,FFFFFF,0.0,0
573,Logan Village AL,1,-27.7711,153.1019,32.2,243,0,1,FFFFFF,6264.0,0
574,Logans Crossing (Cam,1,-31.6161,152.6925,42.5,243,0,1,FFFFFF,0.0,0
575,Lolworth Ck Tm,1,-20.2021,145.0248,0.0,243,0,1,FFFFFF,0.0,0
576,Lonesome Ck AL,1,-24.8167,150.1617,0.0,243,0,1,FFFFFF,4477.0,0
577,Long Flat (Hastings,1,-31.4369,152.4886,64.1,243,0,1,FFFFFF,,0
578,Lookout Rd Reservoir,1,-32.9321,151.6899,0.0,307,0,1,FFFFFF,3571.0,0
579,Lorne Br (Camden,1,-31.6629,152.6108,31.6,243,0,1,FFFFFF,,0
580,Lorraine,1,-19.0067,139.8961,0.0,243,0,1,FFFFFF,,0
581,Lorraine Tm,1,-22.5203,143.5011,251.7,243,0,1,FFFFFF,0.0,0
582,Loudoun Br AL,1,-27.2136,151.1858,332.7,243,0,1,FFFFFF,6129.0,0
583,Louisa Ck AL,1,-19.2722,146.7544,8.5,243,0,1,FFFFFF,2751.0,0
584,Lower Bradleys AL,1,-26.3736,146.3397,0.0,243,0,1,FFFFFF,4205.0,0
585,Lower Gregory AL,1,-20.3006,148.5483,33.3,243,0,1,FFFFFF,2645.0,0
586,Lower Lawn Hill Cree,1,-18.2369,138.6428,0.0,243,0,1,FFFFFF,,0
587,Lower Mt Walker Aler,1,-27.704,152.551,48.8,243,0,1,FFFFFF,,0
588,Lower Quinzeh AL,1,-27.7681,153.1211,24.6,243,0,1,FFFFFF,4157.0,0
589,Lower Walker Ck Tm,1,-17.4725,141.1789,0.0,243,0,1,FFFFFF,0.0,0
590,Lumeah AL,1,-28.0614,153.0408,93.9,243,0,1,FFFFFF,5314.0,0
591,Lundavra Tm,1,-28.0697,149.9794,234.9,243,0,1,FFFFFF,0.0,0
592,Ma Ma Ck AL,1,-27.6539,152.1653,165.6,243,0,1,FFFFFF,4022.0,0
593,Maalan Rd AL,1,-17.6247,145.5969,971.0,307,0,1,FFFFFF,5208.0,0
594,Macalister Bell Rd J,1,-26.9594,151.2174,358.7,243,0,1,FFFFFF,,0
595,Macalister Bell Rd J,1,-26.9594,151.2174,358.7,1,FFFFFF,0,0,,0
596,Mackay AL,1,-21.1397,149.1883,9.9,243,0,1,FFFFFF,6155.0,0
597,Macksville (Nambucca,1,-30.7078,152.92,0.0,243,0,1,FFFFFF,0.0,0
598,Maclean Br AL,1,-27.7864,153.0161,22.5,243,0,1,FFFFFF,5311.0,0
599,Mahrigong Tm,1,-22.2322,143.7837,294.0,243,0,1,FFFFFF,0.0,0
600,Main Arm Rain Gaug,1,-28.5011,153.4305,60.3,243,0,1,FFFFFF,,0
601,Main Camp Rd AL,1,-27.8336,152.3144,596.3,243,0,1,FFFFFF,,0
602,Major Ck AL,1,-19.6689,147.025,33.6,243,0,1,FFFFFF,6340.0,0
603,Malakoff Junction Al,1,-24.3131,150.7758,0.0,243,0,1,FFFFFF,940.0,0
604,Malanda AL,1,-17.3594,145.5922,764.7,243,0,1,FFFFFF,2510.0,0
605,Malanda Tm,1,-17.3305,145.6064,738.9,243,0,1,FFFFFF,0.0,0
606,Malboona Tm,1,-21.9332,143.56,251.8,243,0,1,FFFFFF,0.0,0
607,Maleny AL,1,-26.7631,152.8475,421.3,243,0,1,FFFFFF,6427.0,0
608,Mandagery Ck at E,1,-33.4016,148.4086,291.8,243,0,1,FFFFFF,,0
609,Mapleton AL,1,-26.6247,152.8664,392.7,243,0,1,FFFFFF,6447.0,0
610,Marathon Tm,1,-20.8175,143.5769,0.0,243,0,1,FFFFFF,0.0,0
611,Marburg Radar,1,-27.6061,152.5402,348.5,39,0,1,FFFFFF,,0
612,Marco Street AL,1,-17.5556,145.9556,132.8,243,0,1,FFFFFF,,0
613,Mareeba AL,1,-17.0022,145.4292,398.0,243,0,1,FFFFFF,6805.0,0
614,Mariala National Par,1,-25.9892,145.0188,0.0,243,0,1,FFFFFF,0.0,0
615,Marian Weir AL,1,-21.1392,148.9358,35.9,243,0,1,FFFFFF,5032.0,0
616,Marion Downs Tm,1,-23.3643,139.6562,0.0,243,0,1,FFFFFF,0.0,0
617,Marriages AL,1,-25.56,151.1839,137.1,243,0,1,FFFFFF,762.0,0
618,Marsden (First Ave),1,-27.6686,153.1031,18.2,243,0,1,FFFFFF,,0
619,Marsden Weir (Wollon,1,-34.7365,149.7061,646.9,243,0,1,FFFFFF,3245.0,0
620,Maryvale Ck (Niall R,1,-19.4826,145.2713,0.0,243,0,1,FFFFFF,0.0,0
621,Mattie O'Neill Br Al,1,-21.1569,148.7322,68.2,243,0,1,FFFFFF,,0
622,Mcavoy Br AL,1,-17.5047,145.9928,9.4,243,0,1,FFFFFF,2575.0,0
623,Mcdonalds AL,1,-19.5472,146.8489,49.0,243,0,1,FFFFFF,2825.0,0
624,McGarrigal Rd AL,1,-27.6969,152.3703,124.6,243,0,1,FFFFFF,4063.0,0
625,McKell Rd AL,1,-17.4442,145.5094,1015.7,243,0,1,FFFFFF,2520.0,0
626,McKinlay River Lh TM,1,-21.2668,141.2827,169.2,243,0,1,FFFFFF,0.0,0
627,Medows Lane (Goonoo,1,-31.167,150.917,406.5,243,0,1,FFFFFF,,0
628,Medpark Br Tm,1,-28.3011,150.2936,216.1,243,0,1,FFFFFF,0.0,0
629,Menavale AL,1,-17.6808,145.8878,128.3,243,0,1,FFFFFF,2545.0,0
630,Meunga Ck AL,1,-18.2817,145.8786,175.0,243,0,1,FFFFFF,5229.0,0
631,Michael Ck AL,1,-18.8478,145.9067,728.5,243,0,1,FFFFFF,6029.0,0
632,Mid Kroombit AL,1,-24.4145,150.885,0.0,307,0,1,FFFFFF,942.0,0
633,Middle Ck AL,1,-26.3242,146.4383,0.0,307,0,1,FFFFFF,4200.0,0
634,Midgen Flat at Newry,1,-28.7115,153.5618,67.8,243,0,1,0,,0
635,Miles AL,1,-26.6581,150.1808,303.0,243,0,1,FFFFFF,4932.0,0
636,Mill Rd Black River,1,-19.2474,146.5738,29.0,243,0,1,FFFFFF,,0
637,Millaa Millaa AL,1,-17.5175,145.6089,843.0,307,0,1,FFFFFF,2500.0,0
638,Millaroo AL,1,-19.9717,147.2508,40.4,243,0,1,FFFFFF,2943.0,0
639,Millfield (Congewai,1,-32.9783,151.2463,0.0,243,0,1,FFFFFF,,0
640,Millmerran Commens S,1,-27.8785,151.264,418.7,243,0,1,FFFFFF,,0
641,Milroy Tm,1,-26.0556,144.3533,0.0,243,0,1,FFFFFF,0.0,0
642,Mingela AL,1,-19.8789,146.6322,294.3,307,0,1,FFFFFF,6305.0,0
643,Mingo Crossing AL,1,-25.395,151.7775,65.1,243,0,1,FFFFFF,4720.0,0
644,Minnie Water (Pump S,1,-29.7847,153.2639,0.0,243,0,1,FFFFFF,,0
645,Mirani Township Aler,1,-21.1606,148.8597,54.6,243,0,1,FFFFFF,,0
646,Mirani Weir Tw AL,1,-21.1772,148.8311,60.4,243,0,1,FFFFFF,6163.0,0
647,Mitchell,1,-26.4872,147.9783,0.0,243,0,1,FFFFFF,,0
648,Moffatt AL,1,-27.0969,151.3978,373.3,243,0,1,FFFFFF,6115.0,0
649,Moggill (Aitchenson,1,-27.5871,152.8641,15.2,243,0,1,FFFFFF,,0
650,Mona Mona AL,1,-16.7319,145.5111,420.0,243,0,1,FFFFFF,6820.0,0
651,Monkira TM,1,-24.8321,140.5536,0.0,243,0,1,FFFFFF,0.0,0
652,Monto AL,1,-24.8658,151.1086,237.4,243,0,1,FFFFFF,728.0,0
653,Mooga Ck Tm,1,-26.4132,148.8009,333.9,243,0,1,FFFFFF,0.0,0
654,Moon Rd AL,1,-27.6619,152.32,147.4,243,0,1,FFFFFF,4034.0,0
655,Moparrabah (Parrabel,1,-30.9783,152.5106,114.9,243,0,1,FFFFFF,,0
656,Morganville AL,1,-25.1719,151.9725,47.9,243,0,1,FFFFFF,4759.0,0
657,Mosely's AL,1,-28.1639,152.2986,610.1,243,0,1,FFFFFF,,0
658,Moss Vale AL,1,-20.2381,148.0311,128.8,307,0,1,FFFFFF,2600.0,0
659,Mossman Treatment Pl,1,-16.4509,145.3776,11.3,243,0,1,FFFFFF,0.0,0
660,Mt Hallen (Sandy,1,-27.317,152.3763,191.5,307,0,1,FFFFFF,,0
661,Mt Lowe Al,1,-22.905,148.1497,0.0,307,0,1,FFFFFF,5995.0,0
662,Mt Mulligan TM,1,-16.8737,144.893,341.2,243,0,1,FFFFFF,0.0,0
663,Mt Stanley TM,1,-26.6821,152.2052,181.8,243,0,1,FFFFFF,,0
664,Mt Wolvi AL,1,-26.1767,152.8675,373.3,243,0,1,FFFFFF,6900.0,0
665,Mountain Station Cre,1,-28.7178,151.9847,888.5,243,0,1,FFFFFF,,0
666,Mountain View (Mt La,1,-22.7175,143.2982,273.9,243,0,1,FFFFFF,0.0,0
667,Moura,1,-24.5917,149.9017,0.0,243,0,1,FFFFFF,,0
668,Moura Weir AL,1,-24.5903,149.9039,0.0,243,0,1,FFFFFF,,0
669,Mourilyan Harbour Al,1,-17.5994,146.125,8.5,243,0,1,FFFFFF,,0
670,Mourilyan Mill AL,1,-17.5806,146.0297,14.7,243,0,1,FFFFFF,2578.0,0
671,Moy Pocket AL,1,-26.5261,152.7439,95.3,307,0,1,FFFFFF,6479.0,0
672,Moyallen AL,1,-26.2125,147.0797,0.0,307,0,1,FFFFFF,4244.0,0
673,Mt Archer AL,1,-23.3375,150.5725,0.0,243,0,1,FFFFFF,,0
674,Mt Berryman Rd Ale,1,-27.7542,152.3367,424.2,243,0,1,FFFFFF,,0
675,Mt Bohle AL,1,-19.2669,146.7044,8.1,243,0,1,FFFFFF,2733.0,0
676,Mt Brigalow AL,1,-27.2022,151.7861,570.4,243,0,1,FFFFFF,6104.0,0
677,Mt Burrabaranga Aler,1,-28.3614,151.6717,717.5,243,0,1,FFFFFF,,0
678,Mt Dangar AL,1,-20.2197,148.1217,56.2,243,0,1,FFFFFF,2628.0,0
679,Mt Desolation TM,1,-20.5533,144.1459,0.0,243,0,1,FFFFFF,0.0,0
680,Mt Driven Tm,1,-27.9811,149.0973,207.8,243,0,1,FFFFFF,0.0,0
681,Mt Fort William Aler,1,-24.6475,151.3389,696.8,307,0,1,FFFFFF,,0
682,Mt Garnet AL,1,-17.7047,145.1461,659.2,243,0,1,FFFFFF,6066.0,0
683,Mt Gayndah AL,1,-25.605,151.5403,319.1,307,0,1,FFFFFF,812.0,0
684,Mt Glorious AL RPTR,1,-27.3151,152.7477,764.0,307,FFFFFF,0,0,,0
685,Mt Goonaneman AL,1,-25.4275,152.1172,651.6,307,0,1,FFFFFF,4702.0,0
686,MT GRAVATT LOOKOUT A,1,-27.5423,153.0732,188.4,307,0,1,FFFFFF,1901.0,0
687,Mt Hopeful AL,1,-23.73,150.5336,0.0,307,0,1,FFFFFF,4498.0,0
688,Mt Kelly AL,1,-19.6619,147.3128,168.1,307,0,1,FFFFFF,2933.0,0
689,Mt Lawless AL,1,-25.545,151.655,93.0,307,0,1,FFFFFF,4723.0,0
690,Mt Lindsay AL,1,-25.325,146.8569,0.0,307,0,1,FFFFFF,1011.0,0
691,Mt Margaret AL,1,-19.35,146.6042,86.2,243,0,1,FFFFFF,2724.0,0
692,Mt Mayde Al,1,-23.6872,147.4261,0.0,307,0,1,FFFFFF,5920.0,0
693,Mt Moffatt AL,1,-24.9085,148.0423,0.0,307,0,1,FFFFFF,1198.0,0
694,Mt MOWBULLAN RPTR,1,-26.8883,151.6006,1086.8,307,FFFFFF,0,0,,0
695,Mt Nebo AL,1,-27.3955,152.7822,454.5,243,FFFFFF,0,0,6620.0,0
696,Mt Panorama AL,1,-24.5614,148.5372,0.0,243,0,1,FFFFFF,5982.0,0
697,Mt Perry AL,1,-25.1892,151.6267,378.8,307,0,1,FFFFFF,4736.0,0
698,Mt Petersen AL,1,-27.6517,152.1986,484.9,307,0,1,FFFFFF,4000.0,0
699,Mt Piccaninny AL,1,-19.7733,146.9597,65.5,307,0,1,FFFFFF,6323.0,0
700,Mt Pinnacle AL,1,-21.1586,148.655,662.0,307,0,1,FFFFFF,5027.0,0
701,Mt Pisgah AL,1,-23.6403,147.1922,0.0,307,0,1,FFFFFF,4650.0,0
702,Mt Pleasant (Rollest,1,-24.6422,148.5412,0.0,307,0,1,FFFFFF,1202.0,0
703,Mt Pleasant AL,1,-20.2897,147.9019,189.8,243,0,1,FFFFFF,2930.0,0
704,Mt Rawdon AL,1,-25.2356,151.7964,126.3,243,0,1,FFFFFF,4711.0,0
705,Mt Sylvia AL,1,-27.7209,152.2194,179.5,307,0,1,FFFFFF,4039.0,0
706,Mt Tabor AL,1,-25.1925,147.4928,0.0,307,0,1,FFFFFF,1030.0,0
707,Mt Walsh AL,1,-25.5972,152.0936,168.6,307,0,1,FFFFFF,4742.0,0
708,Mt Warrnambool Repea,1,-38.3056,142.7398,0.0,307,0,1,FFFFFF,,0
709,Mt Wellington,1,-37.4967,146.8575,0.0,243,0,1,FFFFFF,4826.0,0
710,Mulgowie AL,1,-27.7297,152.3644,145.0,243,0,1,FFFFFF,4010.0,0
711,Mulgowie Rd AL,1,-27.7142,152.3675,138.0,243,0,1,FFFFFF,4066.0,0
712,Mulla Crossing (Cock,1,-31.0625,151.125,460.6,243,0,1,FFFFFF,3628.0,0
713,Mullumbimby (Brunswi,1,-28.5528,153.4944,10.7,243,0,1,FFFFFF,0.0,0
714,Mullumbimby Ck (Azal,1,-28.5598,153.4933,9.1,243,0,1,FFFFFF,7709.0,0
715,Mullumbimby Ck (M,1,-28.5542,153.4367,87.0,243,0,1,FFFFFF,,0
716,Mullumbimby(Chincoga,1,-28.5212,153.4723,235.5,307,0,1,FFFFFF,,0
717,Mummulgum (Bingeebee,1,-28.7883,152.7728,190.2,243,0,1,FFFFFF,0.0,0
718,Mundays Lane (Maria,1,-31.3253,152.8415,2.4,243,0,1,FFFFFF,,0
719,Mundjuro Tm,1,-19.2781,141.5907,0.0,243,0,1,FFFFFF,0.0,0
720,Mundubbera,1,-25.5908,151.2986,133.9,243,0,1,FFFFFF,,0
721,Mundubbera AL,1,-25.5936,151.3,124.8,243,0,1,FFFFFF,815.0,0
722,Munna Ck (Glenbar Ti,1,-25.7474,152.2966,93.0,243,0,1,FFFFFF,850.0,0
723,Munna Ck AL,1,-25.6188,152.2336,101.4,307,0,1,FFFFFF,5652.0,0
724,Murray Flats AL,1,-18.0297,145.9242,11.7,307,0,1,FFFFFF,5220.0,0
725,Murray Springs AL,1,-18.1494,145.4803,839.0,307,0,1,FFFFFF,6050.0,0
726,Murrays Br AL,1,-28.2883,152.1053,460.3,243,0,1,FFFFFF,6856.0,0
727,Murwillumbah (Sewera,1,-28.323,153.348,19.9,243,0,1,FFFFFF,,0
728,Murwillumbah Br,1,-28.3283,153.4,8.1,243,0,1,FFFFFF,7195.0,0
729,Musket Flat Mt AL,1,-25.4969,152.3836,104.2,243,0,1,FFFFFF,,0
730,Myall Park Rd Aler,1,-26.5667,150.2353,312.8,243,0,1,FFFFFF,,0
731,Myendetta Al,1,-26.5458,146.0167,0.0,307,0,1,FFFFFF,4234.0,0
732,Myola AL,1,-16.8,145.6119,342.5,243,0,1,FFFFFF,6826.0,0
733,Myuna AL,1,-20.5819,147.5981,99.2,243,0,1,FFFFFF,2923.0,0
734,Narda Lagoon AL,1,-27.6489,152.3908,113.6,243,0,1,FFFFFF,4060.0,0
735,Nash's Crossing Aler,1,-18.4125,145.7722,82.1,243,0,1,FFFFFF,,0
736,Nashua (Wilsons Rive,1,-28.7278,153.4622,25.9,243,0,1,FFFFFF,7111.0,0
737,Native Wells AL,1,-18.1469,145.0934,762.9,243,0,1,FFFFFF,5811.0,0
738,Neabul Ck,1,-27.5955,147.7925,0.0,243,0,1,FFFFFF,,0
739,Ned Churchward Weir,1,-25.0514,152.0997,48.0,243,0,1,FFFFFF,,0
740,Nerada AL,1,-17.5308,145.8464,52.1,243,0,1,FFFFFF,2563.0,0
741,Netherdale AL,1,-21.1383,148.5286,175.8,243,0,1,FFFFFF,5042.0,0
742,Nettlefield AL,1,-19.5822,146.6953,133.6,243,0,1,FFFFFF,2810.0,0
743,Neumeyer Valley Stat,1,-18.4732,140.2296,0.0,243,0,1,FFFFFF,0.0,0
744,New Kildonan Tm,1,-28.6656,150.445,226.0,243,0,1,FFFFFF,0.0,0
745,Newry Island (Kalang,1,-30.5067,152.985,0.0,243,0,1,FFFFFF,7615.0,0
746,Niagara Al,1,-26.6967,151.3933,556.5,243,0,1,FFFFFF,4959.0,0
747,Niagara Rd Jandowae,1,-26.7139,151.2752,425.7,243,0,1,FFFFFF,,0
748,Nimbin (Goolmangar C,1,-28.6069,153.2083,46.6,243,0,1,FFFFFF,,0
749,Nockatunga Tm,1,-27.6983,142.7523,0.0,243,0,1,FFFFFF,0.0,0
750,Nords Wharf Oval (No,1,-33.1301,151.6098,0.0,243,0,1,FFFFFF,7891.0,0
751,Norfolk Station Tm,1,-19.3151,138.3323,0.0,243,0,1,FFFFFF,0.0,0
752,Normanton Tm,1,-17.6647,141.0872,0.0,243,0,1,FFFFFF,0.0,0
753,North Murwillumbah (,1,-28.3274,143.402,0.0,243,0,1,FFFFFF,0.0,0
754,North Tamborine Aler,1,-27.94,153.1917,541.6,243,0,1,FFFFFF,,0
755,Nuga Nuga AL,1,-25.067,148.9793,0.0,243,0,1,FFFFFF,1225.0,0
756,Numinbah,1,-28.2703,153.2483,134.1,243,0,1,FFFFFF,3451.0,0
757,Nundle (Pearly Gates,1,-31.5,151.093,666.7,243,0,1,FFFFFF,3639.0,0
758,Nyora AL,1,-28.1694,151.3928,468.9,243,0,1,FFFFFF,4500.0,0
759,O'Connor Tm,1,-27.7267,150.6453,298.0,243,0,1,FFFFFF,,0
760,O'Reillys AL,1,-28.2314,153.1356,936.4,243,0,1,FFFFFF,,0
761,O'Shannassy River Tm,1,-19.6744,138.4004,0.0,307,0,1,FFFFFF,,0
762,Oakland Park Tm,1,-17.9259,142.0255,0.0,243,0,1,FFFFFF,0.0,0
763,Oakwood AL,1,-25.6656,146.1228,0.0,243,0,1,FFFFFF,1002.0,0
764,Obi Lookout AL,1,-26.6883,152.8064,474.6,243,0,1,FFFFFF,6431.0,0
765,Old Tambo Rd AL,1,-25.6053,146.5025,0.0,243,0,1,FFFFFF,1043.0,0
766,One Mile Br Aler,1,-27.6272,152.7461,20.0,243,0,1,FFFFFF,,0
767,Orana Park AL,1,-24.8072,149.4481,0.0,243,0,1,FFFFFF,4453.0,0
768,Orange (Dalton St Br,1,-33.2771,149.1063,859.3,243,0,1,FFFFFF,3553.0,0
769,Orange (Kite St),1,-33.2857,149.0997,865.4,243,0,1,FFFFFF,3556.0,0
770,Orange (North Orange,1,-33.2551,149.0775,830.1,243,0,1,FFFFFF,3563.0,0
771,Orange (Spring Ck WT,1,-33.3172,149.1073,898.6,243,0,1,FFFFFF,3561.0,0
772,Orange Stp Enviromon,1,-33.2646,149.1287,853.7,307,0,1,FFFFFF,,0
773,Outer Harbour Tide A,1,-21.1083,149.2239,4.1,307,0,1,FFFFFF,6182.0,0
774,Owanyilla Al,1,-25.6447,152.6242,26.9,243,0,1,FFFFFF,5618.0,0
775,Oxley Ck AL,1,-27.705,152.9714,54.1,243,0,1,FFFFFF,6213.0,0
776,Pace Rd Rollingstone,1,-19.0688,146.3858,0.0,243,0,1,FFFFFF,0.0,0
777,Pacific Haven AL,1,-25.2386,152.5319,9.6,243,0,1,FFFFFF,6081.0,0
778,Palen Ck AL,1,-28.3222,142.7358,0.0,243,0,1,FFFFFF,5330.0,0
779,Pallarenda AL,1,-19.2042,146.7708,7.9,243,0,1,FFFFFF,2770.0,0
780,Palmers Rd,1,-28.434,153.295,151.0,243,0,1,FFFFFF,7199.0,0
781,Paluma AL,1,-19.01,146.2156,864.1,307,0,1,FFFFFF,2704.0,0
782,Paradise Ck Rd,1,-27.4542,152.0789,278.2,307,0,1,FFFFFF,,0
783,Paradise Lagoon Aler,1,-18.9794,146.2711,35.5,243,0,1,FFFFFF,,0
784,Paradise Weir (Peel,1,-31.1022,150.9375,382.3,243,0,1,FFFFFF,,0
785,Parklands AL,1,-27.6989,153.1925,7.3,243,0,1,FFFFFF,6270.0,0
786,Parkville (Kingdon P,1,-31.9583,150.8567,248.0,243,0,1,FFFFFF,0.0,0
787,Patricia  Park Tm,1,-25.6894,144.7657,0.0,243,0,1,FFFFFF,,0
788,Peachester,1,-26.8425,152.8819,166.7,243,0,1,FFFFFF,,0
789,Peacock Siding AL,1,-18.6797,145.9961,35.6,243,0,1,FFFFFF,6023.0,0
790,Peak Crossing AL,1,-27.7806,152.7311,53.1,243,0,1,FFFFFF,2063.0,0
791,Pearl Beach Reservoi,1,-33.5364,151.3064,0.0,243,0,1,FFFFFF,0.0,0
792,Peets Br AL,1,-17.1336,145.7644,34.4,243,0,1,FFFFFF,5108.0,0
793,Perthville (Queen Ch,1,-33.4917,149.5467,689.8,243,0,1,FFFFFF,3566.0,0
794,Petrona AL,1,-24.4072,147.3225,0.0,243,0,1,FFFFFF,5993.0,0
795,Pheasant Ck AL,1,-23.8686,150.1317,0.0,307,0,1,FFFFFF,4488.0,0
796,Piallamore (Peel Riv,1,-31.1833,151.065,439.1,243,0,1,FFFFFF,0.0,0
797,Picton (Stonequarry,1,-34.1791,150.6111,0.0,243,0,1,FFFFFF,,0
798,Picton Lakesland Roa,1,-34.1833,150.55,307.1,243,0,1,FFFFFF,,0
799,Pikedale Tm,1,-28.6514,151.6336,574.3,243,0,1,FFFFFF,0.0,0
800,Pikes Ck AL,1,-28.6905,151.5389,665.5,243,0,1,FFFFFF,5773.0,0
801,Pilton Kings Crk Gat,1,-27.859,152.056,491.1,243,0,1,FFFFFF,,0
802,Pindari AL,1,-24.6077,148.0694,0.0,243,0,1,FFFFFF,1181.0,0
803,Pinelands AL,1,-26.4342,150.0756,368.1,243,0,1,FFFFFF,6148.0,0
804,Pitturi Ck Tm,1,-22.6231,138.5557,0.0,243,0,1,FFFFFF,0.0,0
805,Plevna AL,1,-21.2997,148.5444,838.6,243,0,1,FFFFFF,6194.0,0
806,Pocket Ck Rd AL,1,-23.9442,150.1147,0.0,243,0,1,FFFFFF,4486.0,0
807,Point Rd at the Wa,1,-16.9045,145.8628,19.6,243,0,1,FFFFFF,,0
808,Pomona AL,1,-26.3672,152.8431,157.1,243,0,1,FFFFFF,6926.0,0
809,Porcupine Ck Tm,1,-20.6936,144.3778,0.0,243,0,1,FFFFFF,0.0,0
810,Port Douglas Tm,1,-16.4938,145.4609,8.4,243,0,1,FFFFFF,0.0,0
811,Port Macquarie (Golf,1,-31.4844,152.9161,13.9,243,0,1,FFFFFF,0.0,0
812,Port Macquarie (Koal,1,-31.4525,152.9017,12.5,243,0,1,FFFFFF,0.0,0
813,Port Macquarie (Wate,1,-31.4631,152.8989,32.2,243,0,1,FFFFFF,0.0,0
814,Portside AL,1,-25.5392,152.7068,5.8,243,0,1,FFFFFF,5629.0,0
815,Powerline AL,1,-19.6331,147.1103,25.7,243,0,1,FFFFFF,6338.0,0
816,Preston AL,1,-20.4042,148.6681,13.3,243,0,1,FFFFFF,2655.0,0
817,Proserpine AL,1,-20.4017,148.5847,18.0,243,0,1,FFFFFF,2661.0,0
818,Prospect Tm,1,-18.9155,142.2502,0.0,243,0,1,FFFFFF,0.0,0
819,Purga Ck (Washpoo,1,-27.8182,152.7549,65.7,243,0,1,FFFFFF,,0
820,Putty Rd (Colo Riv,1,-33.432,150.8285,0.0,243,0,1,FFFFFF,,0
821,Quay Street East Ale,1,-24.8625,152.3575,10.0,243,0,1,FFFFFF,,0
822,Queen Mary Falls Ale,1,-28.3342,152.3933,957.9,243,0,1,FFFFFF,,0
823,Quinalow Peranga Rd,1,-27.106,151.624,439.8,243,0,1,FFFFFF,,0
824,Quorrobolong,1,-32.936,151.352,0.0,243,0,1,FFFFFF,7901.0,0
825,Raceview AL,1,-26.4083,146.4042,0.0,243,0,1,FFFFFF,4218.0,0
826,Raelee Downs Tm,1,-21.593,143.0356,214.8,243,0,1,FFFFFF,0.0,0
827,Railway Br AL,1,-25.2756,152.5089,15.4,243,0,1,FFFFFF,6084.0,0
828,Ranges Br Al,1,-27.1215,151.0919,328.4,243,0,1,FFFFFF,6126.0,0
829,Rathdowney AL,1,-28.2153,152.8681,100.3,243,0,1,FFFFFF,5342.0,0
830,Ravensbourne AL,1,-27.3627,152.1589,624.1,307,0,1,FFFFFF,6782.0,0
831,Ravenscourt AL,1,-26.0219,145.7233,0.0,307,0,1,FFFFFF,1053.0,0
832,Ravenshoe AL,1,-17.591,145.5296,1103.4,243,0,1,FFFFFF,6069.0,0
833,Ravenswood AL,1,-20.1011,146.9069,288.8,243,0,1,FFFFFF,2985.0,0
834,Raymond AL,1,-24.2317,147.645,0.0,243,0,1,FFFFFF,5901.0,0
835,Red Hill AL,1,-24.448,150.425,0.0,243,0,1,FFFFFF,919.0,0
836,Redbank Ck Tm,1,-18.769,145.4051,467.2,243,0,1,FFFFFF,0.0,0
837,Redcliffe (Mimosa Ck,1,-24.3386,149.5838,0.0,243,0,1,FFFFFF,1175.0,0
838,Redlynch AL,1,-16.9422,145.6953,46.6,243,0,1,FFFFFF,6846.0,0
839,Redoak (Stewarts Riv,1,-31.7275,152.6389,38.0,243,0,1,FFFFFF,0.0,0
840,Reedy Springs Statio,1,-19.9659,144.6834,0.0,243,0,1,FFFFFF,0.0,0
841,Reeves AL,1,-20.1494,148.1556,41.0,243,0,1,FFFFFF,2633.0,0
842,Reid Ck AL,1,-25.2761,151.5169,180.0,243,0,1,FFFFFF,833.0,0
843,Repentance (Coopers,1,-28.6408,153.4131,76.4,243,0,1,FFFFFF,,0
844,Repton (Bellinger Ri,1,-30.4417,153.0217,0.0,243,0,1,FFFFFF,0.0,0
845,Retreat Br Tm,1,-27.9006,150.3486,257.0,243,0,1,FFFFFF,0.0,0
846,Richmond Post Office,1,-20.7289,143.1425,0.0,243,0,1,FFFFFF,,0
847,Ridgelands AL,1,-21.2361,148.5503,839.6,243,0,1,FFFFFF,6191.0,0
848,Rileys Crossing Aler,1,-23.5433,148.6053,0.0,243,0,1,FFFFFF,,0
849,Rita Island AL,1,-19.6294,147.4817,11.2,243,0,1,FFFFFF,2932.0,0
850,Rivington AL,1,-23.9606,146.5606,0.0,243,0,1,FFFFFF,4669.0,0
851,Rock Valley (Leycest,1,-28.7364,153.1634,35.3,243,0,1,FFFFFF,7103.0,0
852,Rockhampton Tm,1,-23.3811,150.5172,0.0,243,0,1,FFFFFF,0.0,0
853,Rockside Mt AL,1,-27.7167,152.3106,419.1,243,0,1,FFFFFF,4028.0,0
854,Rocky Ck Dam,1,-24.1422,148.1542,0.0,307,0,1,FFFFFF,,0
855,Roddas Lookout AL,1,-24.1422,148.1542,0.0,307,0,1,FFFFFF,5856.0,0
856,Rolleston AL,1,-24.4667,148.6194,0.0,307,0,1,FFFFFF,5985.0,0
857,Rollingstone Al,1,-19.0514,146.3944,23.4,243,0,1,FFFFFF,2834.0,0
858,Roma Condamine Rd,1,-26.8993,149.8279,277.9,243,0,1,FFFFFF,,0
859,Roma Peak AL,1,-20.3078,148.2181,145.3,243,0,1,FFFFFF,2615.0,0
860,Roma Tm,1,-26.5711,148.795,304.3,243,0,1,FFFFFF,0.0,0
861,Rooney's Br Aler,1,-19.285,146.8153,4.5,243,0,1,FFFFFF,,0
862,Rosewood Wwtp AL,1,-27.6475,152.5883,46.9,243,0,1,FFFFFF,2084.0,0
863,Ross River Dam AL,1,-19.41,146.7372,42.3,243,0,1,FFFFFF,2818.0,0
864,Round Mountain AL,1,-28.0708,152.9272,60.6,243,0,1,FFFFFF,5339.0,0
865,Roxmere Station TM,1,-20.835,140.5147,0.0,243,0,1,FFFFFF,0.0,0
866,Rubyvale AL,1,-23.4183,147.6986,0.0,243,0,1,FFFFFF,5961.0,0
867,Rudds Lane AL,1,-28.1692,152.9833,97.2,243,0,1,FFFFFF,5336.0,0
868,Ruined Castle AL,1,-25.2317,149.2658,0.0,243,0,1,FFFFFF,4423.0,0
869,Running Ck (Bells,1,-28.3183,152.9216,176.8,243,0,1,FFFFFF,,0
870,Running Ck Tm,1,-18.322,139.264,0.0,243,0,1,FFFFFF,0.0,0
871,Running River (Hidde,1,-18.9803,146.0248,639.9,243,0,1,FFFFFF,0.0,0
872,Russell River,1,-17.4608,145.8822,45.0,243,0,1,FFFFFF,,0
873,Saddle Mountain Aler,1,-16.8183,145.6628,631.6,307,0,1,FFFFFF,,0
874,Saddler Springs Aler,1,-25.0469,148.1369,0.0,243,0,1,FFFFFF,,0
875,Sandra Downs AL,1,-24.8714,149.1536,0.0,243,0,1,FFFFFF,4455.0,0
876,Sandstone Park AL,1,-25.0719,148.2742,0.0,307,0,1,FFFFFF,1214.0,0
877,Sandy Ck Rd Ale,1,-27.5711,152.1781,123.2,243,0,1,FFFFFF,,0
878,Sandy Ck Tm,1,-18.6182,139.0627,0.0,243,0,1,FFFFFF,0.0,0
879,Sandy Waterhole Tm,1,-18.0418,139.1922,24.2,243,0,1,FFFFFF,0.0,0
880,Sapphire Al,1,-23.4694,147.7261,0.0,243,0,1,FFFFFF,5958.0,0
881,Sarich'S AL,1,-21.2725,148.8203,70.4,243,0,1,FFFFFF,,0
882,Sarina (Maguire Rd),1,-21.4938,149.1249,99.5,243,0,1,FFFFFF,,0
883,Sassafras,1,-35.1056,150.2583,744.0,243,0,1,FFFFFF,3382.0,0
884,Saunders Ck AL,1,-19.2517,146.6836,15.2,243,0,1,FFFFFF,2845.0,0
885,Savanah Tm,1,-19.6168,142.2362,0.0,243,0,1,FFFFFF,0.0,0
886,Saxby River Ldr Tm,1,-19.4823,141.2343,0.0,243,0,1,FFFFFF,,0
887,Scartwater AL,1,-21.1106,146.8856,0.0,307,0,1,FFFFFF,2959.0,0
888,Schmidts Rd AL,1,-27.7,153.1203,17.5,307,0,1,FFFFFF,4152.0,0
889,Schultz Lookout Aler,1,-27.6653,152.3458,222.0,307,0,1,FFFFFF,,0
890,Scone (Kingdon Ponds,1,-32.05,150.8528,203.2,243,0,1,FFFFFF,7865.0,0
891,Scottsdale AL,1,-28.432,151.8756,759.5,243,0,1,FFFFFF,5771.0,0
892,Scrubby Ck Tm,1,-17.3033,145.4617,769.9,307,0,1,FFFFFF,0.0,0
893,Sedgeford AL,1,-23.8811,146.6331,0.0,307,0,1,FFFFFF,4666.0,0
894,Sellheim AL,1,-20.0061,146.4392,0.0,243,0,1,FFFFFF,2998.0,0
895,Sengs Rd Al,1,-26.7186,151.2056,399.7,243,0,1,FFFFFF,4952.0,0
896,Sennini'S Rd AL,1,-21.14,148.5903,116.0,243,0,1,FFFFFF,,0
897,Seven Mile Br AL,1,-27.6483,152.6347,35.8,243,0,1,FFFFFF,4821.0,0
898,Seven Oaks (Macleay,1,-31.0,152.932,0.3,243,0,1,FFFFFF,,0
899,Seven Oaks Al,1,-26.7042,150.7631,317.0,243,0,1,FFFFFF,4917.0,0
900,Sexton AL,1,-25.9725,152.5069,35.8,243,0,1,FFFFFF,5621.0,0
901,Seymour Gap TM,1,-21.6187,141.3328,275.8,243,0,1,FFFFFF,0.0,0
902,Sherwood Br (Mac,1,-31.0583,152.7314,10.1,243,0,1,FFFFFF,,0
903,Slacks Ck Reserve Pk,1,-27.6342,153.1253,19.4,243,0,1,FFFFFF,,0
904,Slacks Ck(Loganlea R,1,-27.6475,153.1475,18.8,243,0,1,FFFFFF,,0
905,Snake Ck TM,1,-20.9882,140.6531,0.0,243,0,1,FFFFFF,0.0,0
906,Somersby,1,-33.3981,151.2956,0.0,307,0,1,FFFFFF,,0
907,Sommariva Al,1,-26.5038,146.6662,0.0,307,0,1,FFFFFF,,0
908,Soonah Crossing Tm,1,-27.7078,144.0048,0.0,243,0,1,FFFFFF,0.0,0
909,South Arm (South Arm,1,-30.6909,152.7192,0.0,243,0,1,FFFFFF,7528.0,0
910,South Comongin Tm,1,-26.8801,144.3289,0.0,243,0,1,FFFFFF,0.0,0
911,South Kariboe Ck Ale,1,-24.561,150.747,267.4,243,0,1,FFFFFF,,0
912,South Lismore (Rober,1,-28.8042,153.2625,11.5,243,0,1,FFFFFF,,0
913,South Mission Beach,1,-17.9506,146.0861,67.4,307,0,1,FFFFFF,,0
914,South Townsville Ale,1,-19.2633,146.825,7.2,243,0,1,FFFFFF,,0
915,South Yaamba Tm,1,-23.2,150.3978,0.0,243,0,1,FFFFFF,0.0,0
916,Spicers Peak AL,1,-28.1133,152.3722,1146.3,243,0,1,FFFFFF,5756.0,0
917,Spressers Br Ale,1,-27.6631,152.5906,40.9,243,0,1,FFFFFF,,0
918,Spring Bluff AL,1,-27.4692,151.9836,467.9,243,0,1,FFFFFF,4007.0,0
919,Spring Ck Rd Al,1,-28.2519,152.4717,775.8,243,0,1,FFFFFF,6884.0,0
920,St Agnes Ck AL,1,-25.1347,151.9742,49.2,243,0,1,FFFFFF,4747.0,0
921,St Albans (Macdonald,1,-33.2944,150.9719,0.0,243,0,1,FFFFFF,3068.0,0
922,St Anns AL,1,-21.2289,146.9128,0.0,243,0,1,FFFFFF,2962.0,0
923,St Kilda AL,1,-25.0492,151.9217,103.5,243,0,1,FFFFFF,4734.0,0
924,Stanthorpe AL,1,-28.6544,151.9189,794.3,243,0,1,FFFFFF,5727.0,0
925,Stanwell Tm,1,-23.4836,150.3437,0.0,243,0,1,FFFFFF,0.0,0
926,Star River Br Tm,1,-19.4339,145.992,0.0,243,0,1,FFFFFF,0.0,0
927,Stewart Ck Valley,1,-16.3166,145.3202,22.8,243,0,1,FFFFFF,,0
928,Stillers Rd AL,1,-26.3642,150.2161,352.1,243,0,1,FFFFFF,6146.0,0
929,Stony Ck AL,1,-19.2486,146.6658,16.7,243,0,1,FFFFFF,2842.0,0
930,Strathbogie AL,1,-20.1425,147.5631,90.5,307,0,1,FFFFFF,2938.0,0
931,Strathdickie AL,1,-20.3264,148.5861,268.8,307,0,1,FFFFFF,2642.0,0
932,Strathpark Tm,1,-19.6049,143.1695,0.0,243,0,1,FFFFFF,0.0,0
933,Strathyre Rd AL,1,-28.1239,151.4742,465.6,243,0,1,FFFFFF,5760.0,0
934,Stretton(Gowan Rd) A,1,-27.6417,153.0667,36.3,243,0,1,FFFFFF,,0
935,Stuart AL,1,-19.3469,146.8511,18.9,243,0,1,FFFFFF,2740.0,0
936,Stuart Ck AL,1,-19.3219,146.8375,9.5,243,0,1,FFFFFF,2743.0,0
937,SuffolkPrk(ServoRd,1,-28.6883,153.608,10.8,243,0,1,FFFFFF,,0
938,Suhrs Ck (Sandy Cree,1,-20.0931,146.9003,262.3,243,0,1,FFFFFF,,0
939,Summerholm Al,1,-27.6116,152.464,242.9,243,0,1,FFFFFF,4077.0,0
940,Sunday Ck Rd AL,1,-25.3947,151.6678,93.2,243,0,1,FFFFFF,4738.0,0
941,Surrey Tm,1,-28.3839,149.6747,193.9,243,0,1,FFFFFF,0.0,0
942,Sussex Inlet,1,-35.1711,150.5933,7.5,243,0,1,FFFFFF,7030.0,0
943,Sutherland AL,1,-20.7149,148.1503,251.6,243,0,1,FFFFFF,2973.0,0
944,Sutties Ck AL,1,-17.6803,145.6603,690.7,243,0,1,FFFFFF,2535.0,0
945,Swansea  No.8,1,-33.0797,151.6317,0.0,243,0,1,FFFFFF,,0
946,Sweeney Ck D/S Al,1,-17.5261,146.0242,8.9,243,0,1,FFFFFF,2585.0,0
947,Sweeney Ck U/S Al,1,-17.5261,146.0242,8.9,307,0,1,FFFFFF,2583.0,0
948,T-Bar Test,1,-27.6553,151.6174,663.5,283,F0F0F,1,0,,0
949,Takura Reservoir Ale,1,-25.3275,152.7061,84.6,307,0,1,FFFFFF,,0
950,Tamborine AL,1,-27.8647,153.1211,34.6,243,0,1,FFFFFF,5372.0,0
951,Tamworth Rd Br,1,-31.0928,150.9267,381.6,243,0,1,FFFFFF,,0
952,Tara Lagoon AL,1,-27.2742,150.4639,313.0,243,0,1,FFFFFF,4993.0,0
953,Tarana (Fish River),1,-33.5728,149.9128,953.8,243,0,1,FFFFFF,7350.0,0
954,Tarana Crossing Aler,1,-25.7961,149.5583,210.6,243,0,1,FFFFFF,,0
955,Taroona (Peel River),1,-31.4333,151.1333,609.9,243,0,1,FFFFFF,3637.0,0
956,Tartrus AL,1,-22.9547,149.4233,0.0,243,0,1,FFFFFF,1160.0,0
957,Tatham Ellangowan Ro,1,-28.9798,153.1213,21.9,243,0,1,FFFFFF,,0
958,Teddington Weir Hw T,1,-25.6517,152.6633,30.5,243,0,1,FFFFFF,0.0,0
959,Teemburra Dam AL,1,-21.2175,148.665,311.2,243,0,1,FFFFFF,6179.0,0
960,Terania Ck,1,-28.588,153.2989,212.1,243,0,1,FFFFFF,7113.0,0
961,Terara (Shoalhaven R,1,-34.8708,150.6333,4.2,243,0,1,FFFFFF,0.0,0
962,Terraine AL,1,-28.4833,151.2761,327.6,243,0,1,FFFFFF,4520.0,0
963,Texas Tm,1,-28.8675,151.1611,283.3,243,0,1,FFFFFF,0.0,0
964,Thallon Br,1,-28.6328,148.8564,0.0,243,0,1,FFFFFF,,0
965,The 27 Mile Garden A,1,-26.0808,146.4172,0.0,243,0,1,FFFFFF,4224.0,0
966,The Cascades AL,1,-16.9546,145.6879,53.1,243,0,1,FFFFFF,0.0,0
967,The Channon,1,-28.6792,153.2775,30.0,243,0,1,FFFFFF,7107.0,0
968,The Crescent AL,1,-24.5917,148.6744,0.0,243,0,1,FFFFFF,5979.0,0
969,The Entrance (Tugger,1,-33.3633,151.5,0.0,243,0,1,FFFFFF,7412.0,0
970,The Fisheries AL,1,-17.1853,145.7239,104.6,243,0,1,FFFFFF,5111.0,0
971,The Head AL,1,-28.2833,152.4175,687.0,243,0,1,FFFFFF,6887.0,0
972,The Lake AL,1,-24.3114,148.6144,0.0,243,0,1,FFFFFF,5877.0,0
973,The Pinnacles AL,1,-19.385,146.6831,44.3,243,0,1,FFFFFF,2726.0,0
974,The Pocket (Marshall,1,-28.5047,153.4772,23.1,243,0,1,FFFFFF,7531.0,0
975,The Stonewall AL,1,-20.8247,148.0408,269.6,243,0,1,FFFFFF,2971.0,0
976,Third Lane (Macleay,1,-31.0465,152.8624,0.7,243,0,1,FFFFFF,,0
977,Thomatis Ck AL,1,-16.8514,145.7171,7.0,243,0,1,FFFFFF,5120.0,0
978,Thora (Bellinger Riv,1,-30.425,152.7806,0.0,243,0,1,FFFFFF,0.0,0
979,Thornton (School Roa,1,-27.7983,152.3728,176.3,243,0,1,FFFFFF,,0
980,Thorntonia Tm,1,-19.503,138.9473,0.0,243,0,1,FFFFFF,0.0,0
981,Three Mile Br Al,1,-27.6322,152.7269,20.7,243,0,1,FFFFFF,2158.0,0
982,Thumb Ck (Taylors,1,-30.633,152.579,0.0,243,0,1,FFFFFF,,0
983,Thylungra Al,1,-26.0957,143.4404,0.0,243,0,1,FFFFFF,,0
984,Tiaro AL,1,-25.7244,152.5775,30.7,243,0,1,FFFFFF,5626.0,0
985,Tinaroo Ck Tm,1,-17.0956,145.5217,647.9,243,0,1,FFFFFF,0.0,0
986,Tinaroo Dam AL,1,-17.1642,145.5464,677.0,243,0,1,FFFFFF,6808.0,0
987,Tindarra Tm,1,-26.4689,148.8047,311.3,243,0,1,FFFFFF,0.0,0
988,Tomerong (Eucalypt L,1,-35.0478,150.5378,130.5,243,0,1,FFFFFF,3363.0,0
989,Tomerong Ck,1,-35.0598,150.5815,36.8,243,0,1,FFFFFF,7034.0,0
990,Toogong (Glenayr),1,-33.3711,148.5917,325.1,243,0,1,FFFFFF,0.0,0
991,Toolakea AL,1,-19.1464,146.5803,8.1,243,0,1,FFFFFF,2782.0,0
992,Toolebuc Tm,1,-22.1642,140.8431,223.2,243,0,1,FFFFFF,0.0,0
993,Toomulla AL,1,-19.0756,146.4694,0.0,243,0,1,FFFFFF,2784.0,0
994,Toorak Research Stat,1,-21.0314,141.8003,149.2,243,0,1,FFFFFF,0.0,0
995,Toorooka (Macleay Ri,1,-30.91,152.59,67.5,243,0,1,FFFFFF,7786.0,0
996,Toowoomba Radar,1,-27.2742,151.9931,752.1,39,F0F0F,1,0,,0
997,Topaz AL,1,-17.4694,145.7311,676.7,243,0,1,FFFFFF,2515.0,0
998,Torridon AL,1,-28.0522,151.59,421.0,243,0,1,FFFFFF,5752.0,0
999,Townson AL,1,-27.5658,152.0272,342.5,243,0,1,FFFFFF,4072.0,0
1000,Townsville Airport A,1,-19.2483,146.7661,5.7,243,0,1,FFFFFF,2753.0,0
1001,Trebonne Al,1,-18.6181,146.0842,21.1,243,0,1,FFFFFF,6047.0,0
1002,Trinidad Al,1,-25.6004,143.893,0.0,243,0,1,FFFFFF,,0
1003,Tuckombil,1,-28.8178,153.4842,136.4,307,0,1,FFFFFF,7557.0,0
1004,Tuckurimba (Baxter L,1,-28.9619,153.3066,6.6,243,0,1,FFFFFF,,255
1005,Tully AL,1,-17.9353,145.9231,22.8,243,0,1,FFFFFF,5202.0,0
1006,Tully Gorge AL,1,-17.7725,145.6503,114.7,243,0,1,FFFFFF,5237.0,0
1007,Tully Weir AL,1,-17.7772,145.565,690.4,243,0,1,FFFFFF,5222.0,0
1008,Tumbulgum (Tweed Riv,1,-28.2769,153.4608,5.3,243,0,1,FFFFFF,0.0,0
1009,Tuncester (Leycester,1,-28.7967,153.2386,11.8,243,0,1,FFFFFF,0.0,0
1010,Tung Oil AL,1,-17.5456,145.9325,29.4,243,0,1,FFFFFF,2568.0,0
1011,Turkey Mountain Al,1,-26.3456,150.87,494.2,307,0,1,FFFFFF,4922.0,0
1012,Turners Flat (Maclea,1,-31.01,152.7119,21.5,243,0,1,FFFFFF,7331.0,0
1013,Tweed Heads (Duranba,1,-28.274,153.5267,85.6,307,0,1,FFFFFF,7170.0,0
1014,Tyalgum Br  (Tya,1,-28.359,153.21,82.5,243,0,1,FFFFFF,,0
1015,Tyrconnel Tm,1,-26.299,147.5501,0.0,243,0,1,FFFFFF,0.0,0
1016,U/S Pejar Dam,1,-34.556,149.583,795.6,243,0,1,FFFFFF,3259.0,0
1017,Uki (Tweed River),1,-28.4147,153.3339,37.0,243,0,1,FFFFFF,7162.0,0
1018,Ularunda AL,1,-26.7972,147.1194,0.0,307,0,1,FFFFFF,,0
1019,Constitution Hill,1,-27.4797,152.9542,247.1,39,FFFFFF,0,0,,0
1020,Coulson,1,-27.9543,152.7398,93.5,243,FFFFFF,0,0,,0
1021,Wilsons Peak,1,-28.2379,152.4872,883.3,307,FFFFFF,0,0,,0
1868,Upper Alligator Cree,1,-19.4356,146.9539,215.5,243,0,1,FFFFFF,,0
1869,Upper Amby Ck Tm,1,-26.4074,148.2638,388.0,243,0,1,FFFFFF,0.0,0
1870,Upper Barrattas Aler,1,-19.885,147.0333,61.6,243,0,1,FFFFFF,,0
1871,Upper Bell Ck AL,1,-24.15,150.678,0.0,243,0,1,FFFFFF,946.0,0
1872,Upper Belyando Tm,1,-23.1131,146.785,0.0,243,0,1,FFFFFF,0.0,0
1873,Upper Black River Al,1,-19.3422,146.5017,82.4,243,0,1,FFFFFF,2716.0,0
1874,Upper Blackfellow Al,1,-27.915,152.2736,578.7,243,0,1,FFFFFF,4049.0,0
1875,Upper Bluewater Aler,1,-19.2386,146.4531,89.5,243,0,1,FFFFFF,,0
1876,Upper Bogie AL,1,-20.4411,147.9953,283.6,243,0,1,FFFFFF,2979.0,0
1877,Upper Bracker Ck Ale,1,-28.7847,151.4122,695.8,243,0,1,FFFFFF,,0
1878,Upper Burringbar Rd,1,-28.4531,153.406,197.2,243,0,1,FFFFFF,3483.0,0
1879,Upper Castle AL,1,-24.8309,150.5779,400.0,243,0,1,FFFFFF,4479.0,0
1880,Upper Cherwell AL,1,-25.2928,152.4097,25.8,243,0,1,FFFFFF,6076.0,0
1881,Upper Crabbes Ck,1,-28.4635,153.4526,88.3,243,0,1,FFFFFF,,0
1882,Upper Dalrymple Ck A,1,-27.9839,152.2909,685.1,243,0,1,FFFFFF,5754.0,0
1883,Upper Dogwood Ck,1,-26.2033,150.2567,374.6,243,0,1,FFFFFF,,0
1884,Upper Don AL,1,-20.2943,148.1142,89.8,243,0,1,FFFFFF,2605.0,0
1885,Upper Durah Ck Al,1,-26.1708,150.9122,406.3,243,0,1,FFFFFF,4904.0,0
1886,Upper Emu Ck AL,1,-28.1608,152.3839,1066.0,243,0,1,FFFFFF,5769.0,0
1887,Upper Finch Hatton A,1,-21.09,148.6353,126.4,243,0,1,FFFFFF,5050.0,0
1888,Upper Freestone,1,-28.1341,152.2217,645.3,243,0,1,FFFFFF,,0
1889,Upper Goomburra,1,-28.0288,152.1891,586.2,243,0,1,FFFFFF,,0
1890,Upper Gracemere Aler,1,-23.5517,150.3987,0.0,243,0,1,FFFFFF,,0
1891,Upper Lockyer AL,1,-27.4922,152.0819,189.3,243,0,1,FFFFFF,4031.0,0
1892,Upper Lonesome AL,1,-24.7369,150.4054,446.2,243,0,1,FFFFFF,4481.0,0
1893,Upper Major Ck Al,1,-19.5817,146.9381,66.8,243,0,1,FFFFFF,6342.0,0
1894,Upper Missabotti (Mi,1,-30.564,152.7869,0.0,243,0,1,FFFFFF,7530.0,0
1895,Upper Murray AL,1,-18.1069,145.8053,55.6,243,0,1,FFFFFF,5217.0,0
1896,Upper Poison Ck A,1,-17.806,144.9594,700.8,243,0,1,FFFFFF,,0
1897,Upper Quart Pot Ck A,1,-28.7768,152.0161,934.8,243,0,1,FFFFFF,5765.0,0
1898,Upper Quinzeh AL,1,-27.8013,153.126,31.8,243,0,1,FFFFFF,4163.0,0
1899,Upper Rainbow AL,1,-24.2209,150.7015,0.0,243,0,1,FFFFFF,944.0,0
1900,Upper Reid AL,1,-19.7303,146.6689,134.1,243,0,1,FFFFFF,6310.0,0
1901,Upper Rosenthal Aler,1,-28.4025,152.0386,855.0,307,0,1,FFFFFF,,0
1902,Upper Rous River (Ho,1,-28.2722,153.2134,218.2,243,0,1,FFFFFF,,0
1903,Upper Rudd Ck Ale,1,-18.0394,144.8856,759.5,307,0,1,FFFFFF,,0
1904,Upper Sandy Ck Al,1,-27.4558,152.1983,526.3,307,0,1,FFFFFF,6588.0,0
1905,Upper Spence Ck T,1,-16.3165,145.0995,727.1,243,0,1,FFFFFF,,0
1906,Upper Stockyard Cree,1,-26.2514,150.7272,396.7,243,0,1,FFFFFF,,0
1907,Upper Tenthill AL,1,-27.8094,152.2867,359.3,243,0,1,FFFFFF,4024.0,0
1908,Upper Walker Ck T,1,-17.3522,141.6461,0.0,243,0,1,FFFFFF,,0
1909,Upsalls Ck Br,1,-31.6247,152.6575,27.7,243,0,1,FFFFFF,,0
1910,Urandangi Tm,1,-21.6236,138.3093,0.0,243,0,1,FFFFFF,0.0,0
1911,Urunga (Kalang River,1,-30.494,153.012,0.0,243,0,1,FFFFFF,0.0,0
1912,Utungun (Taylors Arm,1,-30.7306,152.85,0.0,243,0,1,FFFFFF,7519.0,0
1913,Van Dyke Ck AL,1,-24.2019,147.8283,0.0,243,0,1,FFFFFF,,0
1914,Villa Dale TM,1,-20.6077,143.4753,0.0,243,0,1,FFFFFF,0.0,0
1915,Vincentia,1,-35.08,150.68,86.4,307,FFFFFF,0,0,7055.0,0
1916,Waikola AL,1,-26.0003,149.1953,306.9,243,0,1,FFFFFF,4400.0,0
1917,Wairuna Rd Tm,1,-18.4785,145.2966,526.2,243,0,1,FFFFFF,0.0,0
1918,Walker Ck (Winton,1,-21.0647,144.0169,274.0,243,0,1,FFFFFF,,0
1919,Walla AL-B,1,-25.1358,151.9844,43.6,307,0,1,FFFFFF,4766.0,0
1920,Wallaman AL,1,-18.4606,145.7383,709.2,307,0,1,FFFFFF,6000.0,0
1921,Wallaman Escarpment,1,-18.648,145.8745,633.8,243,0,1,FFFFFF,,0
1922,Wallangarra Tm,1,-28.9236,151.9289,881.1,243,0,1,FFFFFF,0.0,0
1923,Walls Camp (Pacific,1,-25.24,152.5613,6.9,243,0,1,FFFFFF,,0
1924,Wamberal Reservoir,1,-33.4147,151.4431,0.0,243,0,1,FFFFFF,3766.0,0
1925,Wangi Bowling Club,1,-33.0666,151.5779,0.0,243,0,1,FFFFFF,7893.0,0
1926,Warahgai AL,1,-28.2269,151.4892,650.5,307,0,1,FFFFFF,5704.0,0
1927,Ward  R Crossing Ale,1,-25.9497,146.1136,0.0,243,0,1,FFFFFF,,0
1928,Warilda AL,1,-26.1267,145.6694,0.0,243,0,1,FFFFFF,1061.0,0
1929,Warra AL,1,-26.9283,150.9181,320.9,243,0,1,FFFFFF,6107.0,0
1930,Warrego Highway Aler,1,-27.5533,152.3889,83.0,243,0,1,FFFFFF,,0
1931,Warwick AL,1,-28.2111,152.0275,458.4,243,0,1,FFFFFF,6853.0,0
1932,Waterford AL,1,-27.6947,153.1364,16.5,243,0,1,FFFFFF,6233.0,0
1933,Waterhole Ck at M,1,-33.3551,148.3855,307.2,243,0,1,FFFFFF,,0
1934,WaterlilyPrk(Ocean,1,-28.5201,153.5341,10.9,243,0,1,FFFFFF,,0
1935,Wattamolla (Griffith,1,-34.7208,150.6491,192.5,243,0,1,FFFFFF,7068.0,0
1936,Wattamolla (NEW),1,-34.7283,150.6585,398.5,243,FFFFFF,0,0,,0
1937,Wauchope (Bain St),1,-31.4522,152.7228,16.4,243,0,1,FFFFFF,0.0,0
1938,Waverly Ck Tm,1,-21.4219,139.1277,0.0,243,0,1,FFFFFF,0.0,0
1939,Weetalaba AL,1,-21.0428,147.9417,204.5,243,0,1,FFFFFF,2975.0,0
1940,Wellington (Bell Riv,1,-32.5554,148.9409,294.5,243,0,1,FFFFFF,0.0,0
1941,Weringa Ck AL,1,-26.1189,150.1108,330.4,243,0,1,FFFFFF,4406.0,0
1942,West Haldon AL,1,-27.7781,152.0803,520.4,243,0,1,FFFFFF,4041.0,0
1943,West Plane (Ck Rd,1,-21.4697,149.1433,61.8,243,0,1,FFFFFF,,0
1944,Westcourt AL,1,-27.1313,147.4792,0.0,243,0,1,FFFFFF,,0
1945,Whiporie (Myall Cree,1,-29.2797,152.9906,56.1,307,0,1,FFFFFF,,0
1946,White Rock (Macquari,1,-33.4931,149.6205,676.9,243,0,1,FFFFFF,7369.0,0
1947,Whiteford'S AL,1,-21.3228,148.835,85.1,243,0,1,FFFFFF,,0
1948,Whites Ck Al,1,-19.3778,146.9242,20.8,243,0,1,FFFFFF,2793.0,0
1949,Whites Mountain Tm,1,-20.5467,144.6619,0.0,243,0,1,FFFFFF,0.0,0
1950,Whiteway Rd AL,1,-27.5972,152.3456,97.0,243,0,1,FFFFFF,4055.0,0
1951,Whiteway Rd Overflow,1,-27.5972,152.3456,97.0,243,0,1,FFFFFF,4057.0,0
1952,Widgee Ck (pahlow Rd,1,-26.1956,152.4568,94.1,243,0,1,FFFFFF,0.0,0
1953,Widgee Ck (Wide Bay,1,-26.0913,152.5103,54.5,307,0,1,FFFFFF,,0
1954,Willara AL,1,-25.5414,146.9117,0.0,243,0,1,FFFFFF,1035.0,0
1955,Willowbank,1,-27.6952,152.6865,36.1,307,0,1,FFFFFF,,0
1956,Wills Ck (Selwyn,1,-22.4118,139.9615,0.0,243,0,1,FFFFFF,,0
1957,Wills Ck CDR TM,1,-21.2698,139.7284,0.0,243,0,1,FFFFFF,0.0,0
1958,Winbin Ck Tm,1,-26.6189,144.5124,0.0,243,0,1,FFFFFF,0.0,0
1959,Windale No.2,1,-32.99,151.6916,0.0,243,0,1,FFFFFF,0.0,0
1960,Windorah (Lignum Cha,1,-25.44,142.8079,0.0,243,0,1,FFFFFF,0.0,0
1961,Windorah (Long Cross,1,-25.3703,142.7258,0.0,243,0,1,FFFFFF,0.0,0
1962,Windorah (Main Chann,1,-25.3702,142.7453,0.0,243,0,1,FFFFFF,0.0,0
1963,Wingen,1,-31.8906,150.8745,305.7,243,0,1,FFFFFF,7853.0,0
1964,Winton,1,-22.4,143.0403,183.3,243,0,1,FFFFFF,,0
1965,Winton Jundah Rd Tm,1,-23.6371,142.3299,0.0,243,0,1,FFFFFF,0.0,0
1966,Withcott AL,1,-27.5658,152.0272,342.5,243,0,1,FFFFFF,4045.0,0
1967,Wittitrin (Dungay Cr,1,-31.0897,152.6217,101.5,243,0,1,FFFFFF,,0
1968,Wolffdene AL,1,-27.7828,153.1889,17.6,243,0,1,FFFFFF,6235.0,0
1969,Wollombi (Wollombi B,1,-32.934,151.134,0.0,243,0,1,FFFFFF,7910.0,0
1970,Wondecla Tm,1,-17.4364,145.4217,946.3,243,0,1,FFFFFF,0.0,0
1971,Wondoola Tm,1,-18.5147,140.9097,0.0,243,0,1,FFFFFF,0.0,0
1972,Wongabel Tm,1,-17.3379,145.4802,767.0,243,0,1,FFFFFF,0.0,0
1973,Woodgate AL,1,-25.0992,152.5489,10.6,243,0,1,FFFFFF,4768.0,0
1974,Woodlands AL,1,-19.4844,146.7694,48.1,243,0,1,FFFFFF,2829.0,0
1975,Woodlands Rd AL,1,-27.6281,152.3299,114.7,243,0,1,FFFFFF,4052.0,0
1976,Woodlawn (Wilsons Ri,1,-28.785,153.3036,10.7,243,0,1,FFFFFF,0.0,0
1977,Woodspring AL,1,-28.3614,151.1381,302.3,243,0,1,FFFFFF,4512.0,0
1978,Wooli (Browns Knob),1,-29.9125,153.1275,0.0,243,0,1,FFFFFF,7838.0,0
1979,Wooli Sportsground,1,-29.858,153.266,0.0,243,0,1,FFFFFF,7843.0,0
1980,Woolners Arm (Doubtf,1,-28.705,152.8502,73.4,243,0,1,FFFFFF,0.0,0
1981,Wooroora AL,1,-17.9331,145.5249,789.9,243,0,1,FFFFFF,5813.0,0
1982,Woronora Br (Wor,1,-34.0209,151.0499,0.0,243,0,1,FFFFFF,,0
1983,Wowan Westwood Rd Al,1,-23.8925,150.1569,0.0,243,0,1,FFFFFF,,0
1984,Woy Woy (Tip),1,-33.5041,151.2912,0.0,243,0,1,FFFFFF,0.0,0
1985,Wyaga Tm,1,-28.1667,150.6444,261.1,243,0,1,FFFFFF,0.0,0
1986,Wyoming Ssdr TM,1,-21.2566,143.5555,293.0,243,0,1,FFFFFF,,0
1987,Wyong Br Upstrea,1,-33.291,151.4238,0.0,243,0,1,FFFFFF,,0
1988,Wyong Pool,1,-33.2853,151.4282,0.0,243,0,1,FFFFFF,,0
1989,Yammanie Minnamoolka,1,-18.298,145.2726,675.5,243,0,1,FFFFFF,0.0,0
1990,Yandill Tm,1,-16.0555,145.3073,227.3,243,0,1,FFFFFF,0.0,0
1991,Yangan AL,1,-28.2006,152.2156,514.4,243,0,1,FFFFFF,6865.0,0
1992,Yango,1,-32.962,151.101,0.0,243,0,1,FFFFFF,7914.0,0
1993,Yappar Junction Tm,1,-18.2853,141.2153,0.0,243,0,1,FFFFFF,0.0,0
1994,Yappi Ck Tm,1,-27.9039,143.8009,0.0,243,0,1,FFFFFF,0.0,0
1995,Yarrahappini AL,1,-27.8336,152.9878,39.4,243,0,1,FFFFFF,5326.0,0
1996,Yarrandi Br (Dar,1,-32.0122,150.7828,227.2,243,0,1,FFFFFF,,0
1997,Yarrol AL,1,-24.9925,151.3475,254.9,243,0,1,FFFFFF,719.0,0
1998,Yourka AL,1,-18.0081,145.4706,778.5,243,0,1,FFFFFF,6056.0,0
1999,Zattas AL,1,-18.4506,145.8294,50.7,243,0,1,FFFFFF,6037.0,0
2000,Zeta AL,1,-23.7617,146.7225,0.0,243,0,1,FFFFFF,4653.0,0
