Repeater,BoM Network,ACMA Lic.,Rx,Tx,Pass low 1,Pass high 1,Pass low 2,Pass high 2,Pass low 3,Pass high 3,Pass low 4,Pass high 4,Pass low 5,Pass high 5,Pass low 6,Pass high 6,Pass low 7,Pass high 7,Pass low 8,Pass high 8
Betanga,Barcaldine, ,151.500 Mhz,151.500 Mhz,4658,4665,,,,,,,,,,,,,,
Mt Pisgah,Barcaldine, ,151.500 Mhz,151.500 Mhz,4650,4699,,,,,,,,,,,,,,
Sedgeford,Barcaldine, ,151.500 Mhz,151.500 Mhz,4666,4670,,,,,,,,,,,,,,
Barneys Bore,Blackall, ,151.500 Mhz,151.500 Mhz,4600,4628,,,,,,,,,,,,,,
Mt Calder,Blackall, ,151.500 Mhz,151.500 Mhz,4610,4613,,,,,,,,,,,,,,
Mt Macquarie,Blackall, ,151.500 Mhz,151.500 Mhz,4600,4607,4626.0,4628.0,,,,,,,,,,,,
Wyanga,Blackall, ,151.500 Mhz,151.500 Mhz,4600,4603,,,,,,,,,,,,,,
Augathella,Charleville Met Office, ,151.500 Mhz,151.500 Mhz,1001,1046,,,,,,,,,,,,,,
Barraden,Charleville Met Office, ,151.500 Mhz,151.500 Mhz,4223,4225,,,,,,,,,,,,,,
Calowrie,Charleville Met Office, ,151.500 Mhz,151.500 Mhz,4236,4243,1050.0,1067.0,,,,,,,,,,,,
Cooks Tank,Charleville Met Office, ,151.500 Mhz ,151.500 Mhz,1001,1005,,,,,,,,,,,,,,
Dunvegan,Charleville Met Office, ,151.500 Mhz,151.500 Mhz,4244,4250,1001.0,1046.0,1068.0,1070.0,,,,,,,,,,
Loddon,Charleville Met Office, ,151.500 Mhz,151.500 Mhz,1057,1059,,,,,,,,,,,,,,
Middle Creek,Charleville Met Office, ,151.500 Mhz,151.500 Mhz,4200,4235,4244.0,4249.0,1000.0,1049.0,1068.0,1070.0,,,,,,,,
Moyallen,Charleville Met Office, ,151.500 Mhz,151.500 Mhz,4243,4247,1068.0,1070.0,,,,,,,,,,,,
Mt Lindsay,Charleville Met Office, ,151.500 Mhz,151.500 Mhz,1001,1012,1019.0,1027.0,1032.0,1034.0,,,,,,,,,,
Mt Tabor,Charleville Met Office, ,151.500 Mhz,151.500 Mhz,1013,1031,,,,,,,,,,,,,,
Myendetta,Charleville Met Office, ,151.500 Mhz,151.500 Mhz,4226,4235,,,,,,,,,,,,,,
Ravenscourt,Charleville Met Office, ,151.500 Mhz,151.500 Mhz,1060,1067,,,,,,,,,,,,,,
Willara,Charleville Met Office, ,151.500 Mhz,151.500 Mhz,1001,1036,,,,,,,,,,,,,,
Amiens Knob,Constitution Hill,10182196/1,151.500 Mhz,151.500 Mhz,5700,5739,5751.0,5767.0,4500.0,4600.0,,,,,,,,,,
Ballandean Hill,Constitution Hill,10182197/1,151.500 Mhz,151.500 Mhz,5732,5736,,,,,,,,,,,,,,
Bony Mountain,Constitution Hill,10182195/1,151.500 Mhz,151.500 Mhz,5737,5757,,,,,,,,,,,,,,
Carrs Lookout,Constitution Hill, ,151.500 Mhz,151.500 Mhz,6884,6890,,,,,,,,,,,,,,
Constitution Hill No1,Constitution Hill,433726,151.500 Mhz,151.500 Mhz,1900,2200,4100.0,4199.0,4800.0,4899.0,5304.0,5312.0,5500.0,5550.0,6200.0,6299.0,,,,
Constitution Hill No2 ,Constitution Hill,1410740,152.400 Mhz,152.400 Mhz,2200,2499,4109.0,4125.0,4500.0,4600.0,5300.0,5399.0,5700.0,5799.0,6850.0,6899.0,,,,
Hillcrest - Wine Glass,Constitution Hill,1411025,151.500 Mhz,151.500 Mhz,1900,2200,4151.0,4199.0,4800.0,4899.0,5304.0,5399.0,6200.0,6274.0,,,,,,
Kooralbyn,Constitution Hill, ,151.500 Mhz,151.500 Mhz,5386,5388,,,,,,,,,,,,,,
Laheys Lookout,Constitution Hill,1421318,151.500 Mhz,152.400 Mhz,5313,5327,5360.0,5365.0,5371.0,5379.0,5389.0,5382.0,5389.0,5390.0,,,,,,
Lower Springbrook,Constitution Hill,11165505/1,151.950 Mhz,151.950 Mhz,2277,2278,,,,,,,,,,,,,,
Molendinar,Constitution Hill, ,151.500 Mhz ,151.500 Mhz,2200,2500,,,,,,,,,,,,,,
Mt Tamborine,Constitution Hill,1410739,151.500 Mhz,152.400 Mhz,2200,2400,6200.0,6274.0,4151.0,4199.0,,,,,,,,,,
O'Reillys,Constitution Hill,1421319,151.500 Mhz ,152.400 Mhz,5304,5307,5328.0,5343.0,,,,,,,,,,,,
Round Mt Res,Constitution Hill, ,151.500 Mhz,151.500 Mhz,1979,1981,1993.0,1995.0,4112.0,4114.0,4121.0,4150.0,5500.0,5550.0,6275.0,6299.0,,,,
Tallai,Constitution Hill,433855,151.500 Mhz,151.500 Mhz,2200,2500,,,,,,,,,,,,,,
Tallebudgera Ck Rd,Constitution Hill,1432827,151.500 Mhz,151.500 Mhz,2200,2500,,,,,,,,,,,,,,
Tomewin,Constitution Hill, ,151.500 Mhz,151.500 Mhz,2415,2417,,,,,,,,,,,,,,
Upper Rosenthal,Constitution Hill,1400233,151.500 Mhz,151.500 Mhz,6850,6899,5737.0,5757.0,,,,,,,,,,,,
Warahgai,Constitution Hill,10182194/1,151.500 Mhz,151.500 Mhz,5700,5739,5751.0,5766.0,4500.0,4600.0,,,,,,,,,,
Wilsons Pk,Constitution Hill,1410738,151.500 Mhz,152.400 Mhz,4500,4600,5338.0,5340.0,5344.0,5354.0,5368.0,5370.0,5383.0,5388.0,5700.0,5799.0,6850.0,6899.0,,
Billaboo,Emerald, ,151.500 Mhz,151.500 Mhz,5931,5932,5966.0,5967.0,,,,,,,,,,,,
Blackdown Tableland,Emerald,1929335,151.500 Mhz,151.500 Mhz,1169,1180,4400.0,4472.0,5907.0,5919.0,5970.0,5977.0,5989.0,5991.0,,,,,,
Emerald Radar,Emerald,1929334,151.500 Mhz ,151.500 Mhz,1151,1240,4400.0,4472.0,4650.0,4699.0,5850.0,5999.0,,,,,,,,
Florence Vale,Emerald,1929339,151.500 Mhz,151.500 Mhz,5947,5962,5968.0,5969.0,5998.0,5999.0,,,,,,,,,,
Glen Rock,Emerald,1929336,151.500 Mhz,151.500 Mhz,1206,1211,5881.0,5905.0,5933.0,5934.0,5992.0,5994.0,,,,,,,,
Kulumur Range,Emerald,1929340,151.500 Mhz,151.500 Mhz,1197,1199,5938.0,5943.0,,,,,,,,,,,,
Middlemount,Emerald,10964566/1,151.500 Mhz,151.500 Mhz,1151,1161,,,,,,,,,,,,,,
Mt Joss,Emerald, ,151.500 Mhz,151.500 Mhz,1151,1161,,,,,,,,,,,,,,
Mt Lowe,Emerald, ,151.500 Mhz,151.500 Mhz,1151,1164,5970.0,5977.0,5954.0,5956.0,,,,,,,,,,
Mt Mayde,Emerald,1929333,151.500 Mhz,151.500 Mhz,1197,1202,4650.0,4699.0,5920.0,5949.0,5966.0,5967.0,5944.0,5946.0,,,,,,
Roddas Lookout,Emerald,1929337,151.500 Mhz,151.500 Mhz,1165,1169,1171.0,1196.0,1206.0,1211.0,4400.0,4470.0,4650.0,4699.0,5856.0,5919.0,5970.0,5999.0,5933.0,5934.0
Gladstone Radar,Gladstone, ,151.500 Mhz,151.500 Mhz,4300,4400,,,,,,,,,,,,,,
Kroombit Repeater,Gladstone, ,151.500 Mhz,151.500 Mhz,900,999,,,,,,,,,,,,,,
Mt Mongrel,Gladstone, ,151.500 Mhz,151.500 Mhz,4300,4349,,,,,,,,,,,,,,
Westwood Range,Gladstone, ,151.500 Mhz,151.500 Mhz,4350,4400,,,,,,,,,,,,,,
Black Mt,Mackay Met Office, ,152.400 Mhz,152.400 Mhz,5061,5099,,,,,,,,,,,,,,
Clarke Range #1,Mackay Met Office,1400231,151.500 Mhz,151.500 Mhz,5000,5060,5090.0,5092.0,6150.0,6199.0,,,,,,,,,,
Clarke Range #2,Mackay Met Office,1400231,151.500 Mhz,151.500 Mhz,5000,5060,5090.0,5092.0,6150.0,6199.0,,,,,,,,,,
Mt Pinnacle,Mackay Met Office, ,151.500 Mhz,151.500 Mhz,5000,5060,5090.0,5092.0,6150.0,6199.0,,,,,,,,,,
Outer Harbour,Mackay Met Office, ,151.500 Mhz,151.500 Mhz,5038,5040,,,,,,,,,,,,,,
Pohlmans Range,Marburg,10954034/1,151.950 Mhz,151.950 Mhz,2006,2007,,,,,,,,,,,,,,
Mt Petersen,Mt Glorious (SEQWater), ,151.525 Mhz,151.525 Mhz,4021,4025,4036.0,4042.0,4047.0,4050.0,,,,,,,,,,
Paradise Ck Rd,Mt Glorious (SEQWater), ,151.525 Mhz,151.525 Mhz,4006,4007,,,,,,,,,,,,,,
Schultz Lookout,Mt Glorious (SEQWater), ,151.525 Mhz,151.525 Mhz,4009,4011,6615.0,6616.0,4033.0,4035.0,4054.0,4076.0,4028.0,4029.0,,,,,,
Toowoomba,Mt Glorious (SEQWater), ,151.525 Mhz,151.525 Mhz,6526,6527,4000.0,4099.0,6615.0,,6679.0,,,,,,,,,
Upper Sandy Creek,Mt Glorious (SEQWater),1149753,151.525 Mhz,151.525 Mhz,6585,6587,,,,,,,,,,,,,,
Bald Knob,Mt Kanigan,433989,151.500 Mhz,151.500 Mhz,5400,5600,6400.0,6499.0,,,,,,,,,,,,
Ball Lookout,Mt Kanigan,433988,151.500 Mhz,151.500 Mhz,5439,5442,6429.0,6499.0,,,,,,,,,,,,
Baroon Dam,Mt Kanigan, ,151.500 Mhz,151.500 Mhz,5571,5577,,,,,,,,,,,,,,
Bellthorpe(Gap Rd),Mt Kanigan, ,151.525 Mhz,151.500 Mhz,6607,6609,6668.0,6672.0,6713.0,6717.0,6774.0,6777.0,,,,,,,,
Boondooma Rptr,Mt Kanigan, ,152.400 Mhz,152.400 Mhz,800,811,,,,,,,,,,,,,,
Caniaview,Mt Kanigan, ,152.400 Mhz,152.400 Mhz,700,710,759.0,760.0,,,,,,,,,,,,
Coolabine Ck,Mt Kanigan,1185818,151.500 Mhz,151.500 Mhz,6471,6473,,,,,,,,,,,,,,
Ghost Hill,Mt Kanigan, ,151.500 Mhz,151.500 Mhz,5602,5650,6075.0,6099.0,,,,,,,,,,,,
Hawkwood Range,Mt Kanigan, ,152.400 Mhz,152.400 Mhz,776,799,800.0,811.0,814.0,837.0,,,,,,,,,,
Hollywell,Mt Kanigan, ,152.400 Mhz,152.400 Mhz,700,775,4780.0,4784.0,,,,,,,,,,,,
Hume Lane,Mt Kanigan,1427866,151.500 Mhz,151.500 Mhz,5427,5432,,,,,,,,,,,,,,
Mt Fort William,Mt Kanigan, ,152.400 Mhz,152.400 Mhz,711,741,4780.0,4784.0,,,,,,,,,,,,
Mt Gayndah,Mt Kanigan, ,152.400 Mhz ,151.500 Mhz,4780,4784,700.0,850.0,,,,,,,,,,,,
Mt Goonaneman,Mt Kanigan, ,151.500 Mhz,151.500 Mhz,700,850,4700.0,4800.0,6075.0,6099.0,,,,,,,,,,
Mt Kanigan,Mt Kanigan, ,151.500 Mhz,151.500 Mhz,5608,5650,,,,,,,,,,,,,,
Mt Watalgan,Mt Kanigan, ,151.500 Mhz,151.500 Mhz,4300,4400,4700.0,4800.0,,,,,,,,,,,,
Mt Wolvi ,Mt Kanigan,1418797,151.500 Mhz,151.950 Mhz,5400,5600,6400.0,6499.0,6900.0,6999.0,,,,,,,,,,
Obi Lookout,Mt Kanigan,1185817,151.500 Mhz,151.500 Mhz,5439,5441,6433.0,6434.0,6471.0,6479.0,6497.0,6498.0,,,,,,,,
Radar Hill #1,Mt Kanigan, ,151.950 Mhz,151.950 Mhz,5400,5600,6400.0,6499.0,6900.0,6999.0,,,,,,,,,,
Radar Hill #2,Mt Kanigan, ,151.500 Mhz,151.950 Mhz,5400,5600,6400.0,6499.0,6900.0,6999.0,,,,,,,,,,
Takura,Mt Kanigan,1463975,151.500 Mhz,151.500 Mhz,5600,5650,6075.0,6099.0,,,,,,,,,,,,
Lower Springbrook,Mt Stapylton ,11165505/1,151.950 Mhz,151.950 Mhz,2277,2278,,,,,,,,,,,,,,
Burdekin Dam,Mt Stuart,433844,151.500 Mhz,151.500 Mhz,2906,2915,2959.0,2970.0,,,,,,,,,,,,
Cameron Hill,Mt Stuart,1447480,151.500 Mhz,151.950 Mhz,2600,2699,2900.0,2999.0,6301.0,6399.0,,,,,,,,,,
Castle Hill,Mt Stuart, ,152.400 Mhz,152.400 Mhz,2768,2769,,,,,,,,,,,,,,
Hurricane Cliff  #1,Mt Stuart,433844,151.500 Mhz,151.500 Mhz,2600,2699,2905.0,2995.0,,,,,,,,,,,,
Hurricane Cliff  #2,Mt Stuart,433844,151.500 Mhz,151.500 Mhz,2600,2699,2905.0,2995.0,,,,,,,,,,,,
Mingela,Mt Stuart,1448342,152.400 Mhz,151.500 Mhz,2997,2999,,,,,,,,,,,,,,
Moss Vale,Mt Stuart,1446584,151.500 Mhz,151.500 Mhz,2600,2699,,,,,,,,,,,,,,
Mt Kelly,Mt Stuart, ,151.500 Mhz,151.500 Mhz,2907,2909,2914.0,2915.0,2931.0,2953.0,2967.0,2970.0,2987.0,2992.0,6300.0,6399.0,,,,
Mt Stuart #1,Mt Stuart,1447471,152.400 Mhz,152.400 Mhz,2700,2899,,,,,,,,,,,,,,
Mt Stuart #2,Mt Stuart,1447471,152.400 Mhz,152.400 Mhz,2700,2899,,,,,,,,,,,,,,
Mt Stuart #3,Mt Stuart,1447471,151.950 Mhz,151.950 Mhz,2600,2699,2900.0,2999.0,5800.0,5850.0,6000.0,6075.0,6300.0,6399.0,,,,,,
Mt Stuart #4,Mt Stuart,1447471,151.950 Mhz,151.950 Mhz,2600,2699,2900.0,2999.0,5800.0,5850.0,6000.0,6075.0,6300.0,6399.0,,,,,,
Murray Springs,Mt Stuart,433887,151.500 Mhz,151.500 Mhz,6050,6075,5800.0,5850.0,,,,,,,,,,,,
Paluma,Mt Stuart,433892,152.400 Mhz,152.400 Mhz,2706,2707,2761.0,2763.0,,,,,,,,,,,,
Poverty Hill,Mt Stuart,1447469,151.500 Mhz,151.950 Mhz,6000,6075,5800.0,5850.0,,,,,,,,,,,,
Scartwater,Mt Stuart,1448343,152.400 Mhz,151.500 Mhz,2959,2966,,,,,,,,,,,,,,
Strathdickie,Mt Stuart, ,151.500 Mhz,151.500 Mhz,2642,2662,,,,,,,,,,,,,,
The Stonewall,Mt Stuart,1448344,152.400 Mhz,151.500 Mhz,2971,2978,,,,,,,,,,,,,,
Wallaman #1,Mt Stuart,433890,151.500 Mhz,151.500 Mhz,6000,6075,5800.0,5850.0,,,,,,,,,,,,
Wallaman #2,Mt Stuart,433890,151.500 Mhz,151.500 Mhz,6000,6075,5800.0,5850.0,,,,,,,,,,,,
Bottle Tree,Oakey Met Office, ,151.500 Mhz,151.500 Mhz,6133,6143,,,,,,,,,,,,,,
Braziers Hill,Oakey Met Office, ,151.500 Mhz,151.500 Mhz,4951,4967,,,,,,,,,,,,,,
Clovelly,Oakey Met Office, ,151.500 Mhz,151.500 Mhz,4900,4999,6100.0,6149.0,,,,,,,,,,,,
Mt Mowbullan,Oakey Met Office,433911,151.500 Mhz,151.500 Mhz,4900,4999,6100.0,6149.0,,,,,,,,,,,,
Turkey Mt,Oakey Met Office, ,151.500 Mhz,151.500 Mhz,4900,4950,6100.0,6149.0,,,,,,,,,,,,
Banana Range,Rockhampton Met Office, ,151.500 Mhz,152.400 Mhz,900,999,4318.0,4319.0,4400.0,4500.0,5989.0,5991.0,,,,,,,,
Broadmere,Rockhampton Met Office, ,151.500 Mhz,151.500 Mhz,4400,4420,,,,,,,,,,,,,,
Cracow,Rockhampton Met Office, ,151.500 Mhz,151.500 Mhz,4400,4440,,,,,,,,,,,,,,
Dawson Range South,Rockhampton Met Office, ,151.500 Mhz,151.500 Mhz,4400,4470,5989.0,5991.0,1174.0,1176.0,,,,,,,,,,
Mt Hopeful,Rockhampton Met Office, ,152.400 Mhz ,152.400 Mhz,4400,4500,900.0,999.0,,,,,,,,,,,,
Bilyana,Saddle Mt,1448341,151.500 Mhz,151.500 Mhz,5200,5275,,,,,,,,,,,,,,
Bones Knob,Saddle Mt,1447474,151.500 Mhz,151.950 Mhz,2500,2599,5200.0,5299.0,6069.0,6072.0,6802.0,6819.0,6842.0,6843.0,5100.0,5120.0,,,,
Brinsmead,Saddle Mt,1441013,151.500 Mhz,151.500 Mhz,6812,6813,6828.0,6845.0,,,,,,,,,,,,
Gillies Lkt,Saddle Mt, ,151.500 Mhz,151.500 Mhz,5100,5120,,,,,,,,,,,,,,
Gordonvale,Saddle Mt, ,151.500 Mhz,151.500 Mhz,5100,5120,,,,,,,,,,,,,,
Maalan Road,Saddle Mt,1184704,151.500 Mhz,151.500 Mhz,5200,5275,,,,,,,,,,,,,,
Marco Street,Saddle Mt, ,151.500 Mhz,151.500 Mhz,2535,2599,5275.0,5299.0,,,,,,,,,,,,
Millaa Millaa,Saddle Mt,433870,151.500 Mhz,151.500 Mhz,2500,2599,5275.0,5299.0,6069.0,6070.0,,,,,,,,,,
Saddle Mountain #1,Saddle Mt,1441014,151.500 Mhz,151.500 Mhz,6804,6849,5119.0,5121.0,,,,,,,,,,,,
Saddle Mountain #2,Saddle Mt,1447477,151.950 Mhz,151.950 Mhz,2500,2599,5200.0,5299.0,6069.0,6072.0,6802.0,6819.0,6842.0,6843.0,5100.0,5120.0,,,,
South Mission Beach,Saddle Mt, ,151.500 Mhz,151.500 Mhz,5241,5246,,,,,,,,,,,,,,
