AREA_CODE,AREA_NAME
1012,EAST GIPPSLAND RA1
1036,ESK RA1
1037,BOONAH RA1
1038,BALLINA RA1
1077,YOUNG RA2
1080,WARRAGUL RA2
1081,LATROBE VALLEY RA2
1111,HORSHAM RA2
1112,PORT PIRIE RA1
1113,VICTOR HARBOR RA2
1114,BORDERTOWN RA1
1140,HOBART RA3
1143,GEORGE TOWN RA1
1152,NORTHERN MIDLANDS RA1
1153,BREAK ODAY RA1
1154,HUON VALLEY RA1
1164,SPENCER GULF NORTH RA1
1170,NARRANDERA RA1
1176,HOBART RA4
1177,QLD & NT S40
1178,EMERALD S40
1179,DUNEDOO RA1
1193,SANCTUARY POINT RA1
1203,EMERALD RA2
1212,VICTORIAN COMMUNITY RA1
1230,OATLANDS RA1
1235,TIARO RA1
1240,BRAIDWOOD RA1
1242,EDEN RA1
1243,ARNHEM LAND RA1
1245,MOSSMAN RA1
1250,WEIPA RA1
1252,ROXBY DOWNS RA1
1253,YARRAMAN RA1
1254,CHARLEVILLE RA2
1256,GOOLWA RA1
1260,CAIRNS RA3
1263,BUNDABERG RA2
1265,COFFS HARBOUR RA3
1267,BENDIGO RA4
1268,LISMORE TV1
1270,WANNEROO RA1
1271,TUMUT RA1
1273,COONABARABRAN RA1
1274,GILGANDRA RA1
1275,COONAMBLE RA1
1276,WODONGA RA1
1279,UPPER MURRAY RA1
1289,WAGGA WAGGA RA3
1294,MUDGEE RA3
1295,NSW COMMUNITY RA1
1296,PORT AUGUSTA RA1
1306,MARYBOROUGH RA2
1316,WILCANNIA RA1
1318,CASTLEMAINE RA1
1319,AUGUSTA RA1
1321,GIN GIN RA1
1322,BENDIGO RA5
1325,GLOUCESTER RA1
1327,SEYMOUR RA1
1334,BILLILUNA RA1
1336,ONE ARM POINT (ARDYALOON) RA1
1364,HARVEY RA1
1366,WELLINGTON NSW RA1
1367,TEMORA RA1
1407,GOULBURN RA2
1409,MOUNT BARKER RA1
1414,MERIMBULA RA1
1422,MELBOURNE S40
162,ADELAIDE TV1
163,ALI CURUNG RA1
164,ALI CURUNG TV1
165,REGIONAL QUEENSLAND TV1
166,AMATA RA1
167,AMATA TV1
168,NORTHERN NEW SOUTH WALES TV1
169,SOUTHERN NEW SOUTH WALES TV1
170,REGIONAL VICTORIA TV1
171,AURUKUN RA1
172,AURUKUN TV1
173,BADU ISLAND RA1
174,BADU ISLAND TV1
175,BALGO RA1
176,BAMAGA RA1
177,BAMAGA TV1
178,BARUNGA RA1
179,BARUNGA TV1
180,BATHURST ISLAND RA1
181,BATHURST ISLAND TV1
182,WESTERN VICTORIA TV1
183,BEAGLE BAY RA1
184,BESWICK RA1
185,BESWICK TV1
186,BROKEN HILL TV1
187,BOIGU ISLAND RA1
188,BOIGU ISLAND TV1
189,BRISBANE TV1
190,BULMAN RA1
191,BULMAN TV1
192,COCONUT ISLAND RA1
193,COCONUT ISLAND TV1
194,DAGURAGU RA1
195,DAGURAGU TV1
196,DARNLEY ISLAND RA1
197,DARNLEY ISLAND TV1
198,DAUAN ISLAND RA1
199,DAUAN ISLAND TV1
200,DJARINDJIN RA1
201,DOOMADGEE RA1
202,DOOMADGEE TV1
203,ERNABELLA RA1
204,ERNABELLA TV1
205,FINKE RA1
206,FINKE TV1
207,FREGON RA1
208,FREGON TV1
209,GALIWINKU RA1
210,GALIWINKU TV1
211,EASTERN VICTORIA TV1
212,SPENCER GULF TV1
213,GERALDTON TV1
214,GUNUNA RA1
215,GUNUNA TV1
216,HERMANNSBURG RA1
217,HERMANNSBURG TV1
218,HOPE VALE RA1
219,HOPE VALE TV1
220,IMANPA RA1
221,IMANPA TV1
223,INDULKANA RA1
224,INDULKANA TV1
225,INJINOO RA1
226,INJINOO TV1
227,MT ISA TV1
228,JIGALONG RA1
230,KALKARINGI TV1
231,KALUMBURU RA1
232,KINTORE RA1
233,KINTORE TV1
234,KIWIRRKURRA RA1
235,KOWANYAMA RA1
236,KOWANYAMA TV1
237,KUBIN RA1
238,KUBIN TV1
239,KUNUNURRA RA1
240,LAGRANGE RA1
241,LAJAMANU RA1
242,LAJAMANU TV1
243,LOCKHART RIVER RA1
244,LOCKHART RIVER TV1
245,LOOMA RA1
246,MABUIAG ISLAND RA1
247,MABUIAG ISLAND TV1
248,MANINGRIDA RA1
249,MANINGRIDA TV1
250,MELBOURNE TV1
251,MILIKAPITI RA1
252,MILIKAPITI TV1
253,MILINGIMBI RA1
254,MILINGIMBI TV1
255,MINJILANG RA1
256,MINJILANG TV1
257,GRIFFITH AND MIA TV1
258,MURRAY ISLAND RA1
259,MURRAY ISLAND TV1
260,NEW MAPOON RA1
261,NEW MAPOON TV1
262,NEWMAN RA1
263,NGUKURR RA1
264,NGUKURR TV1
266,NTURIYA RA1
267,NTURIYA TV1
268,NUMBULWAR RA1
269,NUMBULWAR TV1
270,OENPELLI RA1
271,OENPELLI TV1
272,OOMBULGURRI RA1
273,PALUMPA RA1
274,PALUMPA TV1
275,PAPUNYA RA1
276,PAPUNYA TV1
277,PEPPIMENARTI RA1
278,PEPPIMENARTI TV1
279,PERTH TV1
280,PMARA JUTUNTA RA1
281,PMARA JUTUNTA TV1
282,PORMPURAAW RA1
283,PORMPURAAW TV1
284,PULARUMPI RA1
285,PULARUMPI TV1
287,RAMINGINING RA1
288,RAMINGINING TV1
289,RIVERLAND TV1
290,SAIBAI ISLAND RA1
291,SAIBAI ISLAND TV1
292,SANTA TERESA RA1
293,SANTA TERESA TV1
294,SEISIA RA1
295,SEISIA TV1
297,SOUTH WEST AND GREAT SOUTHERN TV1
298,ST PAULS RA1
299,ST PAULS TV1
300,STEPHENS ISLAND RA1
301,STEPHENS ISLAND TV1
302,MILDURA/SUNRAYSIA TV1
303,SUE ISLAND RA1
304,SUE ISLAND TV1
305,SYDNEY TV1
306,TASMANIA TV1
307,TJUKURLA RA1
308,UMAGICO RA1
309,UMAGICO TV1
310,UMBAKUMBA RA1
311,UMBAKUMBA TV1
312,KALGOORLIE TV1
313,WADEYE RA1
314,WADEYE TV1
315,WARMUN RA1
316,WARRUWI RA1
317,WARRUWI TV1
319,WILLOWRA RA1
320,WILLOWRA TV1
321,WINGELLINA RA1
322,WOORABINDA RA1
323,WOORABINDA TV1
324,WUJAL WUJAL RA1
325,WUJAL WUJAL TV1
326,YAM ISLAND RA1
327,YAM ISLAND TV1
328,YANDEYARRA RA1
329,YIRRKALA RA1
330,YIRRKALA TV1
331,YORKE ISLANDS RA1
332,YORKE ISLANDS TV1
333,YUELAMU RA1
334,YUELAMU TV1
335,YUENDUMU RA1
336,YUENDUMU TV1
337,YUNGNGORA RA1
338,WHYALLA RA1
339,PARRAMATTA RA1
340,ROCKHAMPTON RA2
341,SALISBURY RA1
342,FORSTER RA1
344,BOWRAL RA1
345,BALLARAT RA2
346,SHEPPARTON RA2
347,MORUYA RA1
348,TAREE RA2
349,TENTERFIELD RA1
350,CAIRNS RA2
351,LEONGATHA RA1
352,MELBOURNE WEST RA1
353,LOGAN RA1
354,MORNINGTON RA1
358,HAY RA1
359,CABOOLTURE RA1
360,MACLEAN RA1
361,NOWRA RA2
362,ARMIDALE RA1
363,ALBURY RA1
364,BATHURST RA1
365,COFFS HARBOUR RA1
366,DUBBO RA1
367,BEGA RA1
368,GRAFTON RA1
369,GOULBURN RA1
370,ORANGE RA1
371,YOUNG RA1
372,LISMORE RA1
373,LITHGOW RA1
374,KEMPSEY RA1
375,MUDGEE RA1
376,GUNNEDAH RA1
377,MURWILLUMBAH RA1
378,MUSWELLBROOK RA1
379,INVERELL RA1
380,KATOOMBA RA1
381,PARKES RA1
382,DENILIQUIN RA1
383,TAREE RA1
384,GRIFFITH RA1
385,TAMWORTH RA1
386,WESTERN SUBURBS SYDNEY RA1
387,WAGGA WAGGA RA1
388,COOMA RA1
389,WAGGA WAGGA RA2
390,ARMIDALE RA2
391,BELLINGEN RA1
392,BANKSTOWN RA1
393,COFFS HARBOUR RA2
394,LIVERPOOL RA1
395,MANLY RA1
396,NARWEE RA1
397,LISMORE RA2
398,CHATSWOOD RA1
399,NEWCASTLE RA2
400,BURWOOD RA1
401,ALBURY RA2
402,WAVERLEY RA1
403,RYDE RA1
404,SYDNEY RA2
405,WINDSOR RA1
406,TAMWORTH RA2
407,BENDIGO RA2
408,LATROBE VALLEY RA1
409,MURRAYVILLE RA1
410,PORTLAND RA1
412,TOOWOOMBA RA2
413,TOWNSVILLE RA2
414,MOUNT GAMBIER RA2
415,HOBART RA2
417,ALICE SPRINGS RA2
418,BATHURST RA2
420,FREMANTLE RA1
421,ROMA RA2
422,WYNYARD RA1
424,MELBOURNE EAST RA1
425,MELBOURNE NORTH EAST RA1
426,LAUNCESTON RA2
427,BALLARAT RA1
428,GEELONG RA1
429,BENDIGO RA1
432,MARYBOROUGH (VIC) RA1
433,WARRAGUL RA1
434,HAMILTON RA1
435,MILDURA RA2
436,MILDURA RA1
437,WANGARATTA RA1
438,SWAN HILL RA1
439,SALE RA1
440,HORSHAM RA1
441,WARRNAMBOOL RA1
442,CANBERRA RA2
443,BOURKE RA1
445,ATHERTON RA1
446,BUNDABERG RA1
447,GLADSTONE RA1
448,CHARTERS TOWERS RA1
449,GYMPIE RA1
450,EMERALD RA1
451,INNISFAIL RA1
452,LONGREACH RA1
453,MT ISA RA1
454,MARYBOROUGH (QLD) RA1
455,IPSWICH RA1
456,ROCKHAMPTON RA1
457,KINGAROY RA1
458,NAMBOUR RA1
459,REMOTE COMMERCIAL RADIO SERVICE NORTH EAST ZONE RA1
460,CHARLEVILLE RA1
462,ROMA RA1
463,GEELONG RA2
464,KATHERINE RA1
465,WARRNAMBOOL RA2
466,PLENTY VALLEY RA1
467,MELBOURNE SOUTH EAST RA1
469,PORT LINCOLN RA1
471,MURRAY BRIDGE RA1
472,RIVERLAND RA1
473,WOOMERA RA1
474,MT GAMBIER RA1
475,NORTHAM RA1
476,BRIDGETOWN RA1
477,REMOTE COMMERCIAL RADIO SERVICE WESTERN ZONE RA1
478,KARRATHA RA1
479,KALGOORLIE RA1
480,CARNARVON RA1
481,MERREDIN RA1
482,MANDURAH RA1
483,NARROGIN RA1
484,PORT HEDLAND RA1
485,ESPERANCE RA1
486,BUNBURY RA1
487,ALBANY RA1
488,KATANNING RA1
489,DEVONPORT RA1
490,BURNIE RA1
491,SCOTTSDALE RA1
492,QUEENSTOWN RA1
493,ALICE SPRINGS RA1
494,DARWIN RA1
495,CENTRAL ZONE RA2
496,REMOTE COMMERCIAL RADIO SERVICE CENTRAL ZONE RA1
497,DARWIN RA2
498,DARWIN RA3
499,ADELAIDE RA1
500,ALBANY RA2
501,BROKEN HILL RA2
502,BROKEN HILL RA1
503,BRIDGETOWN RA2
504,BRISBANE RA1
505,BROOME RA1
506,BRUCE ROCK RA1
507,CAIRNS RA1
508,CANBERRA RA1
509,CEDUNA RA2
510,COBAR RA2
511,CUNNAMULLA RA1
512,DERBY RA1
513,ESPERANCE RA2
514,FITZROY CROSSING RA1
515,GOLD COAST RA1
516,GERALDTON RA2
517,GOSFORD RA1
518,GERALDTON RA1
519,HALLS CREEK RA1
520,HOBART RA1
521,KALGOORLIE RA2
523,KANGAROO ISLAND RA1
524,KATANNING RA2
526,LAUNCESTON RA1
527,LORD HOWE RA1
528,MACKAY RA1
529,MANDURAH RA2
530,MEEKATHARRA RA1
531,MELBOURNE RA1
532,MOREE RA1
533,NARROGIN RA2
534,NEWCASTLE RA1
535,NORTHAMPTON RA1
536,NOWRA RA1
537,NORTHAM RA2
538,PERTH RA1
540,MOUNT GAMBIER/SOUTH EAST TV1
541,SHEPPARTON RA1
542,SYDNEY RA1
544,TORRES STRAIT RA1
545,TOWNSVILLE RA1
546,WAGIN RA1
547,WOLLONGONG RA1
548,YORK RA1
623,BALGO TV1
624,BEAGLE BAY TV1
625,DJARINDJIN TV1
626,JIGALONG TV1
627,KALUMBURU TV1
628,KIWIRRKURRA TV1
629,LAGRANGE TV1
630,LOOMA TV1
631,OOMBULGURRI TV1
632,TJUKURLA TV1
633,WARMUN TV1
634,WINGELLINA TV1
635,YANDEEARRA TV1
636,YUNGNGORA TV1
641,WESTERN ZONE TV1
644,OMEO RA1
647,MT BEAUTY RA1
653,BOWEN RA1
654,MANSFIELD RA1
657,DENILIQUIN RA2
658,WANGARATTA RA2
662,MACKAY RA2
663,TOWNSVILLE RA3
668,ECHUCA RA1
669,BENDIGO RA3
670,KYNETON RA1
671,SWAN HILL RA2
672,BARHAM RA1
673,MILDURA RA3
674,YARRA VALLEY RA1
678,YEPPOON RA1
683,HERVEY BAY RA1
684,GRAFTON RA2
685,KEMPSEY RA2
686,NAMBUCCA HEADS RA1
687,PORT MACQUARIE RA1
690,PALM ISLAND RA1
691,TOOWOOMBA/WARWICK RA1
694,PORT STEPHENS RA1
695,LAKE MACQUARIE RA1
696,MUSWELLBROOK RA2
698,CHERBOURG RA1
699,DALBY RA1
700,WONDAI RA1
701,WARWICK RA2
702,LITHGOW RA2
704,MUDGEE RA2
705,KANDOS RA1
706,GAYNDAH RA1
707,MOREE RA2
708,INVERELL RA2
709,MAREEBA RA1
710,KATOOMBA RA2
711,GUNNEDAH RA2
713,NAMBOUR RA2
714,NOOSA RA1
715,GYMPIE RA2
716,NARRABRI RA1
718,DEEPWATER RA1
720,DUBBO RA2
721,YASS RA1
722,COOMA RA2
724,PENRITH RA1
725,BLACKTOWN RA1
726,HORNSBY RA1
729,MALLACOOTA RA1
731,BEGA RA2
733,QUEANBEYAN RA1
736,ULLADULLA RA1
737,BEAUDESERT RA1
739,SUTHERLAND RA1
742,MOUNTAIN DISTRICTS RA1
743,MELBOURNE SOUTH RA1
746,CAMBERWELL RA1
747,WERRIBEE RA1
753,CAMPBELLTOWN RA1
766,MOUNT ISA RA2
767,BOURKE RA2
768,NHULUNBUY RA1
769,BORROLOOLA RA1
778,ADELAIDE SW RA1
779,COLLIE RA1
780,MARGARET RIVER RA1
781,LIGHTNING RIDGE RA1
783,GRIFFITH RA2
784,MILLICENT RA1
789,BATHURST RA3
790,KALAMUNDA RA1
791,ARMADALE RA1
793,TAREE RA3
794,CESSNOCK/MAITLAND RA1
797,COCOS ISLANDS RA1
798,PORT HEDLAND RA2
800,CHRISTMAS ISLAND RA1
801,REMOTE AND REGIONAL WESTERN AUSTRALIA TV1
802,AUSTRALIA WIDE S40
810,VICTOR HARBOR RA1
811,ALBANY S40
812,KALGOORLIE S40
817,COLAC RA1
823,WOLLONGONG RA2
827,TUGGERANONG RA1
829,MELBOURNE NORTH WEST RA1
830,SUNBURY RA1
832,BACCHUS MARSH RA1
834,MELBOURNE CITY RA1
866,WAVERLEY VIC RA1
867,WYNNUM RA1
868,REDCLIFFE RA1
869,ALEXANDRA/EILDON RA1
870,COOBER PEDY RA1
871,NIMBIN RA1
912,MELTON RA1
918,MORANBAH RA1
921,COWRA RA1
926,MURWILLUMBAH RA2
927,QUEENSLAND S40
931,CASINO RA1
932,CORAKI RA1
933,BYRON BAY RA1
938,TASMAN PENINSULA RA1
944,BLACKWATER RA1
945,YORKE PENINSULA RA1
962,DARWIN TV1
963,REMOTE CENTRAL & EASTERN AUSTRALIA TV1
964,REMOTE CENTRAL & EASTERN AUSTRALIA TV2
973,PORT ADELAIDE RA1
985,BAROSSA VALLEY RA1
987,ADELAIDE FOOTHILLS RA1
