CLIENT_NO,LICENCEE,TRADING_NAME,ACN,ABN,POSTAL_STREET,POSTAL_SUBURB,POSTAL_STATE,POSTAL_POSTCODE,CAT_ID,CLIENT_TYPE_ID,FEE_STATUS_ID
3792,BORAL RESOURCES (COUNTRY) PTY. LIMITED,ATTN Natassja Arthur,000187002,51000187002,27 Egret Street,KOORAGANG,NSW,2304,15,5,1
5832,NSW RURAL FIRE SERVICE,.,,25003129221,Locked Mail Bag 17,GRANVILLE,NSW,2142,15,3,3
17375,Port Macquarie Hastings Council,Port Macquarie Hastings Council,,11236901601,PO Box 84,PORT MACQUARIE,NSW,2444,10,4,1
21612,KEMPSEY SHIRE COUNCIL,Kempsey Shire Council,,70705618663,PO Box 78,WEST KEMPSEY,NSW,2440,10,4,1
34383,ROUS COUNTY COUNCIL,ROUS WATER,,81383023771,PO Box 230,LISMORE,NSW,2480,10,4,1
38986,HUNTER NEW ENGLAND LOCAL HEALTH DISTRICT,Attn Stewart Symons,,63598010203,PO Box 363,GLEN INNES,NSW,2370,12,3,1
41389,VRA RESCUE NSW LIMITED,VRA Communications Technical Group (CTG),,68767393968,PO Box 4127,DUBBO,NSW,2830,15,6,3
46260,Crest NSW Inc,Crest NSW Inc Nominee D Cottle,,87954272993,2 Tamworth Place,ALLAMBIE HEIGHTS,NSW,2100,15,6,3
46975,Department of Defence,Director Defence Spectrum Office,,68706814312,"D DSO APW-02-054, Anzac Park West PO Box 7953",CANBERRA BC,ACT,2610,15,1,1
48068,Abbot Point Bulkcoal Pty. Ltd.,Abbot Point Bulk Coal Pty Ltd,010183534,23010183534,PO Box 207,BOWEN,QLD,4805,2,5,1
48609,AMPOL REFINERIES (QLD) PTY LTD,CALTEX REFINERIES (QLD) PTY LTD,008425581,46008425581,PO Box 40,Wynnum,QLD,4178,2,5,1
48814,SEA SWIFT PTY. LTD.,SEA SWIFT PTY. LTD.,010889040,16010889040,PO Box 6755,CAIRNS,QLD,4870,1,5,1
49365,AUSTRALIAN VOLUNTEER COAST GUARD ASSOC INC QF1 SOUTHPORT,AUSTRALIAN VOLUNTEER COAST GUARD ASSOC INC QF1 SOUTHPORT,,46744719400,171 Marine Parade,SOUTHPORT,QLD,4215,15,6,3
49686,AUSTRALIAN VOLUNTEER COAST GUARD ASSOC INC CENTRAL QUEENSLAND SQUADRON,AUSTRALIAN VOLUNTEER COAST GUARD ASSOC INC CENTRAL QUEENSLAND SQUADRON,,72106080135,PO Box 642,ROCKHAMPTON,QLD,4700,15,6,3
49832,Australian Volunteer Coast Guard,QF12,,,PO Box 475,TULLY,QLD,4854,15,6,3
49932,Australian Volunteer Coast Guard Assoc Inc QF14 Ingham,Australian Volunteer Coast Guard Assoc Inc QF14 Ingham,,34872809257,PO Box 747,Ingham,QLD,4850,15,6,3
49933,Australian Volunteer Coast Guard,Innisfail Flotilla QF15,,,PO Box 991,INNISFAIL,QLD,4860,15,6,3
50110,AUSTRALIAN VOLUNTEER COAST GUARD ASSOC INC QF-17 GYMPIE TIN CAN BAY,AUSTRALIAN VOLUNTEER COAST GUARD ASSOC INC QF-17 GYMPIE TIN CAN BAY,,55737229721,PO Box 35,TIN CAN BAY,QLD,4580,15,6,3
50237,AUSTRALIAN VOLUNTEER COAST GUARD ASSOC QUEENSLAND FLOTILLA 2,AUSTRALIAN VOLUNTEER COAST GUARD ASSOC QUEENSLAND FLOTILLA 2,,98604716176,PO Box 5014 (QF2),MANLY,QLD,4179,15,6,3
50654,Australian Volunteer Coast Guard QF3,Australian Volunteer Coast Guard QF3,,,PO Box 2077,REDCLIFFE NORTH,QLD,4020,15,6,3
50967,AUSTRALIAN VOLUNTEER COAST GUARD ASSOC INC QF 5 NOOSA,AUSTRALIAN VOLUNTEER COAST GUARD ASSOC INC QF 5 NOOSA,,43534094940,PO Box 274,TEWANTIN,QLD,4565,15,6,3
51105,The Australian Volunteer Coast Guard Association Inc,AVCGA QF6 Mooloolaba,001273883,99392980313,65 Parkyn Parade,MOOLOOLABA,QLD,4557,15,6,3
51271,THE AUSTRALIAN VOLUNTEER COAST GUARD ASSOCIATION INCORPORATED,QF07 Redland Bay,001273883,99392980313,PO Box 7059,REDLAND BAY,QLD,4165,15,6,3
51273,THE AUSTRALIAN VOLUNTEER COAST GUARD ASSOCIATION INCORPORATED,The Australian Volunteer Coast Guard Association Inc,001273883,99392980313,PO Box 487 (QF8),TOWNSVILLE,QLD,4810,15,6,3
51411,AUSTRALIAN VOLUNTEER COAST GUARD ASSOC INC QF 9 CAIRNS,AUSTRALIAN VOLUNTEER COAST GUARD ASSOC INC QF 9 CAIRNS,,29106194648,PO Box 495,CAIRNS,QLD,4870,15,6,3
51920,Banana Shire Council,Banana Shire Council,,85946116646,PO Box 412,BILOELA,QLD,4715,10,4,1
52399,Central Highlands Regional Council,Central Highlands Regional Council,,79198223277,PO Box 21 (Bauhinia Licences),EMERALD,QLD,4720,10,4,1
53012,JBS Australia Pty Limited,JBS Australia Pty Limited,011062338,14011062338,PO Box 886,TOOWOOMBA,QLD,4350,1,5,1
53416,VOLUNTEER MARINE RESCUE BRIBIE ISLANDINC,The Radio Officer,,20500377468,PO Box 85,BRIBIE ISLAND,QLD,4507,15,6,3
53715,MILES ELECTRONICS PTY LTD,Miles Electronics Pty Ltd,010533409,13010533409,22 Ponzo Street,WOREE,QLD,4868,15,5,1
53733,BANANA SHIRE REPEATER ASSOCIATION INC,BANANA SHIRE REPEATER ASSOCIATION INC,,91085397216,3a Murchinson Street,BILOELA,QLD,4715,14,4,1
53823,BJ Tandy and Co Pty Ltd,Tandy Concrete (Mackay),009782638,11009782638,PO Box 101,MACKAY,QLD,4740,5,5,1
54167,Volunteer Marine Rescue Victoria Point Assoc Inc,,,,PO Box 3276,VICTORIA POINT WEST,QLD,4165,14,6,3
54976,Brisbane Area Wicen Group Inc,Brisbane Area Wicen Group Inc,,,PO Box 764,ARCHERFIELD BC,QLD,4108,14,6,1
55666,Paul Raymond Benvenuti,Burdekin Communications,,,93 Graham Street,AYR,QLD,4807,8,7,1
55679,Burdekin Shire Council,Burdekin Shire Council,,66393843289,PO Box 974,AYR,QLD,4807,10,4,1
56139,Toowoomba Regional Council,ICT-Voice,,99788305360,PO Box 3021 ICT-Voice,TOOWOOMBA VILLAGE FAIR,QLD,4350,15,4,1
56398,Anglo Coal (Capcoal Management) Pty Limited,Attn: Dylan Hunt,010037564,73010037564,PMB 1,MIDDLEMOUNT,QLD,4746,15,5,1
56921,Central Burnett UHF CB Repeater Association,,,,PO Box 185,MUNDUBBERA,QLD,4626,15,6,1
58050,Queensland Police Service,Radio and Electronics Section,,29409225509,20 Pickering Street Maintenance Control Services,ALDERLEY,QLD,4051,10,3,1
58075,The Trustee For D J Guerin Family Trust,Comtel Pty Limited  North Toowoomba,,38357822188,2 Ann St,NORTH TOOWOOMBA,QLD,4350,8,6,1
59235,Bunya Mts & District AmCom Inc,Bunya Mts & District AmCom Inc,,76237395986,PO Box 258,DALBY,QLD,4405,14,6,1
59938,Department of Transport and Main Roads (Queensland Transport),Department of Transport and Main Roads (Queensland Transport),,13200330520,MacArthur Avenue East (Mgr MTS Section),PINKENBA,QLD,4008,7,3,1
60974,DEPARTMENT OF EDUCATION AND TRAINING,Maroon Outdoor Education Centre,,76337613647,MS 488,BOONAH,QLD,4310,11,3,1
61281,KJ Emerson,,,,PO Box 64,MALANDA,QLD,4885,15,6,1
62687,Gladstone Amateur Radio Club Incorporated,Gladstone Amateur Radio Club Incorporated,,24766374980,PO Box 128,Gladstone DC,QLD,4680,14,6,1
63254,BUNDABERG SUGAR GROUP LTD,Bingera Mill,009658164,75009658164,PO Box 500,BUNDABERG,QLD,4670,15,5,1
63553,Gold Coast Amateur Radio Society Inc,Gold Coast Amateur Radio Society Inc,,55525134072,PO Box 588,SOUTHPORT,QLD,4125,14,6,1
63560,Gold Coast City Council,Gold Coast City Council,,84858548460,PO Box 5042 (Accounts Payable),GOLD COAST MC,QLD,9729,10,4,1
64340,Guerin DJ & Tebbitt DL,,,,2 Ann St,TOOWOOMBA,QLD,4350,15,6,1
69016,Jones Communications Pty. Ltd.,Jones Communications Pty. Ltd.,009852779,22009852779,PO Box 253 (Jones Comms NO 1),GLADSTONE DC,QLD,4680,8,5,1
70610,Australia Pacific LNG Pty Limited,Telecommunications Superintendent,001646331,68001646331,GPO Box 148,BRISBANE,QLD,4001,15,5,1
71389,Logan City Council,Plant Fleet Services – Attn: Workshop Program Leader,,21627796435,PO Box 3226,LOGAN CITY DC,QLD,4114,10,4,1
71843,MALCOM B & KARIN H G KILPATRICK,M & K WIDEBAY ELECTRONICS,,69923581208,50 Old Maryborough Rd,PIALBA,QLD,4655,8,6,1
71963,Mackay Regional Council,Atten : Information Services Manger,,56240712069,PO Box 41,MACKAY,QLD,4740,10,4,1
71974,Channel Seven Queensland Pty. Limited,Channel Seven Queensland Pty Limited Maroochydore,009707313,30009707313,PO Box 296  (MVQ6),MAROOCHYDORE,QLD,4558,15,5,1
72693,Mater Misercordiae Public Hospital,Mater Misercordiae Public Hospital,,38952769764,IT Services Raymond Terrace,SOUTH BRISBANE,QLD,4101,12,6,1
74734,Bundaberg Sugar Ltd,Bundaberg Sugar Ltd,077102526,24077102526,PO Box 500  (Millaquin Mill),BUNDABERG,QLD,4670,15,5,1
75345,North Burnett Regional Council,North Burnett Regional Council,,23439388197,PO Box 390 (Licences for Monto),GAYNDAH,QLD,4625,10,4,1
75346,G Fleming,Monto UHF CBRS Rptr Committe,,,PO Box 64 (ATTN G Fleming),MONTO,QLD,4630,15,7,1
75783,Mt Marrow Blue Metal Quarries Pty Ltd,Mt Marrow Blue Metal Quarries Pty Ltd,004879930,64004879930,237 Mt Marrow Quarry Road,MT MARROW via HAIGSLEA,QLD,4306,2,5,1
75791,St Vincent's Health & Aged Care Limited,Mount Olivet Hospital,055210378,50055210378,411 Main St,KANGAROO POINT,QLD,4169,12,5,1
75835,Mulgrave Central Mill Company Limited,Mulgrave Central Mill Company Limited,009657032,14009657032,PO Box 21,GORDONVALE,QLD,4865,15,5,1
76086,Murweh Shire Council,Murweh Shire Council,,98117909303,PO Box 63,CHARLEVILLE,QLD,4470,15,4,1
76441,Newlands Coal Pty Ltd,Att: Electrical Engineering,010082578,79010082578,PO Box 21,GLENDEN,QLD,4743,2,5,1
77058,OAKY CREEK COAL PTY. LTD.,Electrical Engineering Manager,010202936,17010202936,PO Box 1,TIERI,QLD,4709,15,5,1
77129,John Oestergaard,,,,32 Rouse St,WORONGARY,QLD,4213,15,6,1
77686,Trans North Pty Ltd,Trans North Pty Ltd,074538159,28074538159,PO Box 5000,INGHAM,QLD,4850,7,5,1
79403,Whitsunday Regional Council,Whitsunday Regional Council,,63291580128,PO Box 104 (Whitsunday Licences),PROSERPINE,QLD,4800,10,4,1
79601,Department Of Health (Queensland Ambulance Service),Queensland Ambulance Services Central,,89519542578,20 Pickering St Maintenance Control Services,ALDERLEY,QLD,4051,15,3,1
79629,Q.C.Y.C HOLDINGS LIMITED,Queensland Cruising Yacht Club,010022661,13010022661,PO Box 399,SANDGATE DC,QLD,4017,14,5,1
79648,QUEENSLAND ELECTRICITY TRANSMISSION CORPORATION LIMITED,Powerlink Queensland,078849233,82078849233,PO Box 1193 (Accounts Payable),VIRGINIA,QLD,4014,4,5,1
79733,Queensland Television Pty Limited,QTQ - Att: Mr Gilpin,009674373,77009674373,GPO Box 72,BRISBANE,QLD,4001,15,5,1
79946,AURIZON NETWORK PTY LTD,QR Network Pty Ltd,132181116,78132181116,Attn: Scott Andrews GPO Box 456,BRISBANE,QLD,4031,7,5,1
80681,KALPORT PTY. LTD.,KALPORT PTY LTD,050403926,72050403926,1 Rodda Street,BUNGALOW,QLD,4870,15,5,1
82694,ENERGEX LIMITED,Attn: Paul McKeen,078849055,40078849055,Level 3 26 Reddacliff St,NEWSTEAD,QLD,4006,4,5,1
83188,Single Transport Services Pty Ltd,Single Transport Services Pty Ltd,010415611,34010415611,Silingardi Rd Palmyra via,WALKERSTON,QLD,4751,7,5,1
83314,Surf Lifesaving Queensland Inc,,,27360485381,PO Box 3747,SOUTH BRISBANE BC,QLD,4101,15,6,3
84001,VOLUNTEER MARINE RESCUE SOUTHPORT SURFERS PARADISE ASSOCIATION INC,VMR Southport,,28929833597,PO Box 866,SOUTHPORT BC,QLD,4215,15,6,3
84124,Southport Yacht Club Inc,Southport Yacht Club Inc,,98569906907,Macarthur Parade,MAIN BEACH,QLD,4217,15,6,1
84379,QUEENSLAND FIRE AND EMERGENCY SERVICES,Queensland Fire Department,,93035163778,20 Pickering St Maintenance Control Services,ALDERLEY,QLD,4051,15,3,1
84818,Stradbroke Ferries Ltd,Stradbroke Ferries Ltd,009725713,63009725713,PO Box 195,CLEVELAND,QLD,4163,15,5,1
85149,ERGON ENERGY CORPORATION LIMITED,Attn: Paul McKeen,087646062,50087646062,PO BOX 264,FORTITUDE VALLEY,QLD,4006,15,5,1
85150,Volunteer Marine Rescue Brisbane Inc,Volunteer Marine Rescue Brisbane Inc,,12718565330,PO Box 201,SANDGATE DC,QLD,4017,1,6,3
85313,Tangalooma Island Resort Pty Ltd,Tangalooma Moreton Island Resort,010170902,13010170902,PO Box 1102,EAGLE FARM BC,QLD,4009,15,5,1
85665,BATCHFIRE CALLIDE MANAGEMENT PTY LTD,BATCHFIRE CALLIDE MANAGEMENT PTY LTD,009666200,75009666200,PO Box 144,BILOELA,QLD,4715,2,5,1
85946,TOWNSVILLE CITY COUNCIL,Townsville City Council,,44741992072,Townsville City Council Survey Department Attn: John Pozzebon PO Box 1268,TOWNSVILLE,QLD,4810,10,4,1
86206,Toowoomba Regional Council,ICT-LAN,,99788305360,PO Box 3021  ICT-LAN,TOOWOOMBA,QLD,4350,10,4,1
86637,Port of Townsville Ltd,Port of Townsville Ltd,130077673,,PO Box 1031,TOWNSVILLE,QLD,4810,15,5,1
86643,Dept of Health Qld,Dept of Health Qld,,66329169412,PO Box 670 (A/Payable) (IMB 113),TOWNSVILLE,QLD,4810,12,3,1
86659,Tweed Radio & Broadcasting Co Pty Ltd,Broadcast Operations,000033938,45000033938,PO Box 97,COOLANGATTA,QLD,4225,15,5,1
87965,PW Webster,Peter Webster & Sons,,,PO Box 53,KILCOY,QLD,4515,15,6,1
88239,WH Heck and Sons Pty Ltd,WH Heck and Sons Pty Ltd,009661401,91009661401,124 Mill Road,WOONGOOLBA,QLD,4207,15,5,1
88495,Channel Seven Queensland Pty. Limited,Channel Seven Queensland Pty. Limited,009707313,30009707313,PO Box 296 (Company Secretary),MAROOCHYDORE,QLD,4558,8,5,1
100395,VOLUNTEER MARINE RESCUE ASSOCIATION BOWEN INC,VOLUNTEER MARINE RESCUE BOWEN INC,,23732682124,PO Box 130,BOWEN,QLD,4805,15,6,3
102634,NORTHERN STEVEDORING SERVICES PTY LTD,NORTHERN STEVEDORING SERVICES PTY LTD,009854899,36009854899,PO Box 5740 MC,TOWNSVILLE,QLD,4810,7,5,1
102982,VOLUNTEER MARINE RESCUE RABY BAY INC,VOLUNTEER MARINE RESCUE RABY BAY,,61187902123,PO Box 87,CLEVELAND,QLD,4163,15,6,3
103087,Digwick Pty Ltd,,010340977,,PO Box 1608,ROCKHAMPTON,QLD,4702,15,5,1
105056,Cairns Airport Refuelling Services Pty Ltd,Cairns Airport Refuelling Services Pty Ltd,077890110,79077890110,PO Box 676N,CAIRNS,QLD,4870,6,5,1
106569,Zarb Road Transport Pty Ltd,Zarb Road Transport Pty Ltd,009749777,78009749777,12-22 McLennan St City Gates,MACKAY,QLD,4740,7,5,1
107618,Western Downs Regional Council,Western Downs Regional Council,,91232587651,PO Box 551,DALBY,QLD,4405,8,4,1
115634,OFFICE OF ENVIRONMENT AND HERITAGE,NSW National Parks & Wildlife,,30841387271,Locked Bag 5022,Parramatta,NSW,2124,10,3,1
118314,Central Highlands Amateur Radio Club,Central Highlands Amateur Radio Club,,,PO Box 309,Moranbah,QLD,4744,15,6,1
119511,VOLUNTEER MARINE RESCUE CURRUMBIN INC,VOLUNTEER MARINE RESCUE CURRUMBIN INC,,76746351209,PO Box 99,CURRUMBIN,QLD,4223,15,6,3
119707,Hamilton Island Enterprises Limited,Attn Accounts Payable Finance Dept,009946909,61009946909,"Attn: Michelle White, General Counsel Level 1, 100 Pacific Highway",ST LEONARDS,NSW,2065,15,5,1
123718,VOLUNTEER MARINE RESCUE ASSOC QLD INC,VOLUNTEER MARINE RESCUE QLD,,46387273867,GPO Box 1425,BRISBANE,QLD,4001,15,6,3
243342,Down Under Tours (Australia) Pty Limited,Down Under Tours Cairns,011012945,19011012945,PO Box 5670,CAIRNS,QLD,4870,15,5,1
254802,BRISBANE CITY COUNCIL,Information Services Branch,,72002765795,Accounts Pay - Network Mgr GPO Box 2567,BRISBANE,QLD,4000,10,4,1
270141,Department of Community Safety (Queensland Fire and Rescue Service),RFS (Rural Fire Service),,19823962345,20 Pickering St Maintenance Control Services,ALDERLEY,QLD,4051,15,3,3
293206,Kirknie Pty Ltd,Kirknie Pty Ltd,010617062,65010617062,Kirknie Station via,HOME HILL,QLD,4806,1,5,1
324293,SunWater Limited,SunWater Limited,,17020276523,Accounts Payable PO Box 15536,CITY EAST BRISBANE,QLD,4002,10,3,1
336877,Australian Broadcasting Corporation,Spectrum & Regulatory Strategy,,52429278345,"Attn: Mr Gavin Bowman, Level 12B GPO Box 9994",SYDNEY,NSW,2001,8,6,1
346596,Quicksilver Connections Limited,Quicksilver Connections Ltd,010434269,26010434269,P.O. Box 898,CAIRNS,QLD,4870,15,5,1
362205,Pacific Tug Pty Ltd,Pacific Tug Pty Ltd,010367049,27010367049,PO Box 5245,VICTORIA POINT,QLD,4165,7,5,1
379679,Mercy Health And Aged Care Central Queensland Limited,Mercy Health & Aged Care Central Queensland Ltd Mackay,096724033,34096724033,PO Box 214,MACKAY,QLD,4740,12,5,1
388462,Interport Cargo Services Pty Ltd,Interport Cargo Services Pty Ltd,009707028,52009707028,PO Box 377,WYNNUM,QLD,4178,15,5,1
395302,Torbay Retirement Villages Limited,Torbay Aged Care and Retirement Village,010200567,33010200567,PO Box 492,HERVEY BAY,QLD,4655,15,5,1
401054,Airservices Australia,QLD Services,,59698720886,Locked Bag 747 (Attention Spencer Robinson),EAGLE FARM,QLD,4009,10,3,1
420540,SunWater Limited,IM - Central Region,,17020276523,PO Box 15536,CITY EAST,QLD,4002,1,3,1
435100,BUREAU OF METEOROLOGY,Bureau of Meteorology,,92637533532,700 Collins Street,Docklands,VIC,3008,10,2,1
439045,BM ALLIANCE COAL OPERATIONS PTY LIMITED,Bm Alliance Coal Operations Pty Ltd,096412752,67096412752,Level 12 480 Queen Street,BRISBANE,QLD,4000,2,5,1
439072,BM ALLIANCE COAL OPERATIONS PTY LIMITED,Bm Alliance Coal Operations Pty Ltd Dysart,096412752,67096412752,Level 12 480 Queen Street,BRISBANE,QLD,4000,15,5,1
439082,BM ALLIANCE COAL OPERATIONS PTY LIMITED,BMA Coal Operations Pty Ltd Saraji,096412752,67096412752,"Level 12, 480 Queen Street",BRISBANE,QLD,4000,2,5,1
455305,Commex Communications Corporation Pty. Ltd.,Commex Communications Corporation Pty. Ltd.,010905718,30010905718,PO Box 171,GRANGE,QLD,4051,8,5,1
510769,Optus Mobile Pty Limited,Singtel Optus Pty Ltd,054365696,65054365696,PO Box 888,NORTH RYDE,NSW,1670,8,5,1
512112,OPTUS MOBILE PTY LIMITED,Optus Mobile Pty Limited,054365696,65054365696,PO Box 888 (Attn Steve Turner),NORTH RYDE,NSW,1670,15,5,1
514483,ENSHAM RESOURCES PTY. LIMITED,Ensham Resources Pty Ltd,011048678,23011048678,GPO Box 301,BRISBANE,QLD,4001,2,5,1
521072,Department Of Health (Queensland Ambulance Service),Queensland Ambulance Services South,,89519542578,20 Pickering St Maintenance Control Services,ALDERLEY,QLD,4051,12,3,1
536353,Vodafone Australia Pty Limited,Vodafone Australia Pty Limited,056161043,86056161043,PO BOX 1113 Att: Ahmed Dawood,NORTH SYDNEY,NSW,2060,8,5,1
537746,Torres Pilots Pty Ltd,Torres Pilots Pty Ltd,053843646,71053843646,PO Box 674,BULIMBA,QLD,4171,15,5,1
539042,Deborah's Flowers,Deborah's Flowers,073389321,69073389321,470 Bridge Rd,WEST MACKAY,QLD,4740,6,5,1
549255,Australian Volunteer Coast Guard,Cardwell Flotilla QF23,,,PO Box 284,CARDWELL,QLD,4849,15,6,3
555861,Philcomm Pty Ltd,,054259906,,PO Box 435,SALISBURY,QLD,4107,8,5,1
564292,Skyrail Pty Ltd,Skyrail Cairns,010880458,82010880458,PO Box 888,SMITHFIELD,QLD,4878,15,5,1
567929,SUNSHINE COAST CHRISTIAN BROADCASTERS LTD.,SUNSHINE COAST CHRISTIAN BROADCASTERS LTD.,,88280613828,PO Box 1234,BUDERIM,QLD,4556,8,6,1
573690,Ian Wells,Kerinvale Comaudio,,78403733800,3a Murchison Street,BILOELA,QLD,4715,8,7,1
1101084,Ramsay Health Care Australia Pty Limited,Greenslopes Private Hospital rrn223700/6,003184889,36003184889,Biomedical Engineering Dept Newdegate Street,GREENSLOPES,QLD,4120,12,5,1
1102518,United Christian Broadcasters Australia Limited,Vision FM,051984402,15051984402,Locked Bag 3,SPRINGWOOD,QLD,4127,8,5,1
1103274,Vodafone Australia Pty Limited,Vodafone Australia Pty Ltd,056161043,86056161043,PO Box 1113 (Jeff.Owen),NORTH SYDNEY,NSW,2060,8,5,1
1103276,Optus Mobile Pty Limited,Optus Mobile Pty Limited,054365696,65054365696,PO Box 888 (Attn Steve Turner),NORTH RYDE,NSW,1670,8,5,1
1103909,AUSTRALIAN BROADCASTING CORPORATION,AUSTRALIAN BROADCASTING CORPORATION,,52429278345,Attn: Mr Gavin Bowman GPO Box 9994,SYDNEY,NSW,2001,15,6,1
1104504,Telstra 3G Spectrum Holdings Pty Ltd,Telstra Wireless Network Engineering 14,094166542,48094166542,Locked Bag 3501 (C/- R Preston),BRISBANE,QLD,4001,8,5,1
1133304,Vodafone Australia Pty Limited,Vodafone Spectrum Licensing,056161043,86056161043,PO Box 1113,NORTH SYDNEY,NSW,2060,,5,1
1133847,SPECIAL BROADCASTING SERVICE CORPORATION,Transmission Services,,91314398574,Locked Bag 028 (C/- A Cremonese),CROWS NEST,NSW,1585,8,2,1
1136980,Vodafone Hutchison Australia Pty Limited,Vodafone Hutchison Australia Pty Limited,096304620,76096304620,"Level 27, 200 Barangaroo Avenue",Barangaroo,NSW,2000,8,5,1
1137920,Australian Broadcasting Corporation,Spectrum and Regulatory Strategy DIGITAL LICENCES,,52429278345,"Attn: Mr Gavin Bowman, Level 12B GPO Box 9994",SYDNEY,NSW,2001,15,6,1
1138241,ACCOR AUSTRALIA & NEW ZEALAND HOSPITALITY PTY LIMITED,The Pullman Cairns International,002462017,74002462017,PO Box 934,Cairns,QLD,4870,15,5,1
1138584,Mitchell Flor,Mackay Sand and Gravel Sales,,,PO Box 101,MACKAY,QLD,4740,15,7,1
1138660,Tangalooma Pty Ltd,Tangalooma Wild Dolphin Resort,010997707,30010997707,PO Box 1102,EAGLE FARM,QLD,4009,15,5,1
1139904,BMS Laser Sat Pty Ltd,BMS Laser Sat Pty Ltd,065170372,13065170372,PO Box 527,AYR,QLD,4807,1,5,1
1140096,THIESS PTY LTD,Att: Steve McMurray,010221486,87010221486,179 Grey Street,South Bank,QLD,4104,2,5,1
1140545,New South Wales Sugar Milling Co Operative Limited,New South Wales Sugar Milling Co-Operative Ltd,,52051052209,117 Pacific Highway,BROADWATER,NSW,2472,1,6,1
1140609,GMG Solutions Pty Ltd,GMG Solutions Pty Ltd,119421313,16119421313,PO Box 1014,ASHMORE CITY,QLD,4214,8,5,1
1141962,Lipoma Pty Ltd,Ipswich Riverlink,002203581,65002203581,PO Box 2155,NORTH IPSWICH,QLD,4305,6,5,1
1142834,Department of Transport and Main Roads,Roadtek.,,39407690291,PO Box 964,TOOWOOMBA,QLD,4350,15,3,1
1142879,The Domain Retirement Country Club Pty. Ltd.,Australian Retirement Home,010471815,92010471815,74 Wardoo Street,ASHMORE,QLD,4214,15,5,1
1143327,Network Ten (Melbourne) Pty Limited,Network Ten (Melbourne) Pty Limited,008664953,39008664953,Network 10 GPO BOX 10,SYDNEY,NSW,2001,15,5,1
1144284,Thiess Pty Ltd,Lake Vermont Mine Project,010221486,87010221486,Locked Bag 5,DYSART,QLD,4745,5,5,1
1144303,ST. JOHN AMBULANCE AUSTRALIA INCORPORATED,Technical Services,,83373110633,601 Blackburn Road,NOTTINGHILL,VIC,3168,12,6,3
1144435,Queensland Bulk Water Supply Authority,Seqwater,,75450239876,PO Box 328,Ipswich,QLD,4305,4,3,1
1144544,Windolf Holdings Pty Ltd,Windolf Holdings Pty Ltd,104019123,12104019123,671 Mt Sylvia Road,GATTON,QLD,4343,1,5,1
1144572,Cassowary Coast Regional Council,Tully Office,,20889787211,PO Box 887,INNISFAIL,QLD,4860,10,4,1
1144573,Cassowary Coast Regional Council,Innisfail Office,,20889787211,PO Box 887,INNISFAIL,QLD,4860,10,4,1
1144588,Rockhampton Regional Council,Fleet Management,,59923523766,PO Box 1860,ROCKHAMPTON,QLD,4700,10,4,1
1144661,Fraser Coast Regional Council,Fraser Coast Regional Council,,19277850689,77 Tavistock Street,Torquay,QLD,4655,10,4,1
1144665,Bundaberg Regional Council,Att: Ross Orpin,,72427835198,PO Box 3130,BUNDABERG,QLD,4670,10,4,1
1144688,Lockyer Valley Regional Council,Gatton Administration Office,,52673165312,PO Box 82,GATTON,QLD,4343,10,4,1
1144723,Central Highlands Regional Council,Central Highlands Regional Council,,79198223277,PO Box 21,EMERALD,QLD,4720,10,4,1
1146020,Kilcoy Pastoral Company Limited,Kilcoy Pastoral Company Limited,009671112,89009671112,PO Box 84,KILCOY,QLD,4515,3,5,1
1146176,CA & JS Clark,,,,278 Oaky Creek Rd,OAKY CREEK,QLD,4285,15,7,1
1146331,Gladstone Area Water Board,Att: David Nathan,,88409667181,PO Box 466,GLADSTONE,QLD,4680,4,3,1
1147177,Abbot Point Bulkcoal Pty. Ltd.,Abbot Point Bulkcoal Pty Ltd,010183534,23010183534,PO Box 207,BOWEN,QLD,4805,7,5,1
1147378,Norcomm Pty Ltd,Norcomm Pty Ltd,123428231,70123428231,PO Box 1136,THURINGOWA CENTRAL,QLD,4817,15,5,1
1147602,Volunteer Marine Rescue NSW,Marine Rescue NSW,138078092,98138078092,PO Box 579,CRONULLA,NSW,2230,15,5,3
1147832,Middlemount Coal Pty Ltd,Middlemount Coal Pty Ltd,122348412,49122348412,GPO Box 241,BRISBANE,QLD,4001,2,5,1
1148461,Jemena Queensland Gas Pipeline (1) Pty Ltd,,083050284,,PO Box 1655,GLADSTONE,QLD,4680,15,5,1
1148506,Innisfail Taxis Pty Ltd,Innisfail Taxis Pty Ltd,134731016,80134731016,PO Box 1140,INNISFAIL,QLD,4860,7,5,1
1148654,Cairns Regional Council,Cairns Regional Council Scada (Water/Wastewater Section),,24310025910,Attn: CRC Water/Wastewater SCADA Section 40 Macnamara Street,MANUNDA,QLD,4870,15,4,1
1148749,Godfrey Morgan,G.E Morgan & Company,,94221203692,"""Myall Grove""",CONDAMINE,QLD,4416,1,7,1
1148961,LOGAN CITY COUNCIL,Administration Office,,21627796435,PO Box 3226,LOGAN CITY DC,QLD,4114,10,4,1
1149151,Queensland Rail Limited,Queensland Rail - Attn: D Barbeler,132181090,71132181090,GPO Box 1429,BRISBANE,QLD,4001,15,5,1
1149181,PORT OF BRISBANE PTY LTD,PORT OF BRISBANE PTY LTD,143384749,78143384749,Locked Bag 1818,Port of Brisbane,QLD,4178,7,3,1
1149289,Optus Mobile Pty Limited,Optus Mobile Network (2.1 GHz),054365696,65054365696,PO Box 888 (Attn: Steve Turner),NORTH RYDE,NSW,1670,8,5,1
1149315,HQPLANTATIONS PTY LTD,FORESTRY PLANTATIONS QUEENSLAND,142448977,25142448977,"Lakes Vista Office Parade 3A, 2 Flinders Parade",NORTH LAKES,QLD,4509,1,5,1
1155726,WIN Television Qld Pty Ltd,Bald Hills,009697198,95009697198,Locked Bag 8800,SOUTH COAST MAIL CENTRE,NSW,2521,8,5,1
1156969,CENTRAL BURNETT COMMUNITY RADIO ASSOCIATION INCORPORATED,CENTRAL BURNETT COMMUNITY RADIO ASSOCIATION INCORPORATED,,97096958864,PO Box 915,GAYNDAH,QLD,4625,8,6,1
1157000,Tablelands Broadcasting Pty Limited,Southern Cross Austereo (Att: Matt Paton),076812523,14076812523,"c/o Southern Cross Austereo Level 2, 101 Moray St",SOUTH MELBOURNE,VIC,3205,15,5,1
1170013,CAMPBELL SCIENTIFIC AUSTRALIA PTY LTD,CAMPBELL SCIENTIFIC AUSTRALIA PTY LTD,060048062,48060048062,411 Bayswater Road,GARBUTT,QLD,4814,6,5,1
1170617,Rebel FM Stereo Pty Ltd,Rebel FM,010874969,19010874969,PO Box 1730,OXENFORD,QLD,4210,8,5,1
1213409,Tx Australia Pty Limited,Tx Australia Pty Ltd,086979339,98086979339,PO Box 135,NORTH RYDE BC,NSW,1670,15,5,1
1314973,Ergon Energy Telecommunications Pty Ltd,Yurika Telecoms,106459465,34106459465,GPO Box 1461,Brisbane,QLD,4001,15,5,1
1316295,SWOOP TELECOMMUNICATIONS PTY LTD,SWOOP TELECOMMUNICATIONS PTY LTD,109931731,87109931731,PO Box 1745,GOSFORD,NSW,2250,8,5,1
1401904,Hyne & Son Pty. Limited,Hyne Timber,009660995,67009660995,PO Box 106,MARYBOROUGH,QLD,4650,1,5,1
1401916,Department Of Health (Queensland Ambulance Service),Queensland Ambulance Services Exemptions,,89519542578,20 Pickering St Maintenance Control Services,ALDERLEY,QLD,4051,12,3,3
1404142,A G Partridge Pty Ltd,A G Partridge Pty Ltd,059010990,68059010990,300 Eviron Road,EVIRON,NSW,2484,1,5,1
1405412,C S Energy Limited,Callide Power Station,078848745,54078848745,PO Box 392,BILOELA,QLD,4715,4,5,1
1409360,AURIZON NETWORK PTY LTD,QR Networks -CQCN Networks,132181116,78132181116,GPO Box 456 Attn : Scott Andrews,BRISBANE,QLD,4001,15,5,1
1411119,Gold Radio Service Pty. Limited,Radio 4GR  (Att: Matt Paton),009661518,15009661518,"c/o Southern Cross Austereo Level 2, 101 Moray St",South Melbourne,VIC,3205,8,5,1
1412719,Stanwell Corporation Limited,Stanwell Corporation Limited,078848674,37078848674,GPO Box 800,BRISBANE,QLD,4001,10,5,1
1413467,MATER MISERICORDIAE LTD,Mater Private Hospital - Redland,096708922,83096708922,Weippin St,CLEVELAND,QLD,4163,5,5,1
1415609,Lions Haven for the Aged,Lions Haven for the Aged,010655606,72010655606,9 Pendraat Parade,HOPE ISLAND,QLD,4212,12,5,1
1416226,WESLEY MISSION QUEENSLAND,WESLEY MISSION BRISBANE,,28746881862,930 Gympie Road,CHERMSIDE,QLD,4032,12,6,1
1417380,AVEO HEALTHCARE LIMITED,ATF Cleveland Syndicate,061421565,75061421565,148 Smith Street,CLEVELAND,QLD,4163,12,5,1
1417381,AVEO HEALTHCARE LIMITED,AVEO HEALTHCARE LIMITED,061421565,75061421565,1 Moore St,TARINGA,QLD,4068,14,5,1
1418731,Magpies Sporting Club Ltd,Magpies Sporting Club Ltd,010182028,52010182028,PO Box 5448,MACKAY MAIL CENTRE,QLD,4741,14,5,1
1419950,Andrew Chapman,Andrew Chapman,,,PO Box 11460,Centenary Heights,QLD,4350,8,7,1
1420699,Warakirri 2 Pty Ltd,Warakirri 2 Pty Ltd,064530454,98064530454,"""Wyobie"" 1238 Jandowae-Macalister Rd",JANDOWAE,QLD,4410,15,5,1
1423905,John Nolan,JOHN NOLAN TWO WAY RADIO,,94189914737,PO Box 980,MURWILLUMBAH,NSW,2484,15,7,1
1424239,Neilsens Quality Gravels Pty Ltd,Neilsens Quality Gravels Pty Ltd,010620916,19010620916,PO Box 5319,BRENDALE,QLD,4500,5,5,1
1424630,SOJITZ MINERVA MINING PTY LTD,SOJITZ MINERVA MINING PTY LTD,108510309,35108510309,GPO Box 1845,EMERALD,QLD,4720,15,5,1
1424647,Rolleston Coal Pty Ltd,Attn: Colin Meek EEM,106690037,73106690037,PO Box 11,SPRINGSURE,QLD,4702,2,5,1
1425181,Arrow Energy Ltd,Arrow Energy Ltd,078521936,73078521936,GPO Box 5262,BRISBANE,QLD,4001,2,5,1
1440623,Auriga Pilots  Pty Ltd,Auriga Pilots  Pty Ltd,079678783,91079678783,PO Box 2654,Fortitude Valley,QLD,4006,15,5,1
1442121,MULPHA HOTEL PTY LTD,Hayman-Shared Services Centre,070662627,17070662627,"FAO Marine MAnager, 1 Raintree Ave",Hayman Island,QLD,4801,15,5,1
1442222,Brothers Leagues Club (Cairns) Ltd,Brothers Leagues Club (Cairns) Ltd,010028181,65010028181,PO Box 425M,MANUNDA,QLD,4870,15,5,1
1442707,Townsville City Council,Water & Wastewater (M Wilkie),,44741992072,2-12 Dalrymple Road,GARBUTT,QLD,4814,10,4,1
1444124,Dept. of Communities (Housing & Homelessness Services),Q-Build Disaster Co-ordination Centre,,86504771740,PO Box 812,CAIRNS,QLD,4870,15,3,3
1445006,Village Taxi Cabs Pty Ltd,Atherton Taxis,092776273,61092776273,PO Box 197,ATHERTON,QLD,4883,7,5,1
1448525,Collinsville Coal Company Pty Ltd,Electrical Engineering Manager,009948172,80009948172,PO Box 60,COLLINSVILLE,QLD,4804,15,5,1
1464852,Brendan O'Rourke,Brendan O'Rourke,,86162445592,PO Box 3099 Red Hill Homemakers Centre,Red Hill,QLD,4701,15,7,1
1480691,MACKAY SUGAR LIMITED,Electrical Superintendent,057463671,12057463671,PO Box 5720,MACKAY MAIL CENTRE,QLD,4741,3,5,1
8129031,NBN CO LIMITED,NBN CO LIMITED,136533741,86136533741,Level 13 100 Mount Street,NORTH SYDNEY,NSW,2060,15,5,1
8133088,SEALINK QUEENSLAND PTY LTD,SEALINK QUEENSLAND PTY LTD,148811170,57148811170,PO Box 1194,TOWNSVILLE,QLD,4810,14,5,1
20000768,AUSTRALIAN MARITIME SAFETY AUTHORITY,Australian Maritime Safety Authority,,65377938320,"GPO Box 2181 Attn: Response Division Administration, Client ID 20000768",Canberra,ACT,2601,,2,1
20001190,WESTSIDE CORPORATION LIMITED,WESTSIDE CORPORATION LIMITED,117145516,74117145516,"Level 8, 300 Queen St",BRISBANE,QLD,4000,,5,1
20001770,Northern SEQ Distributor - Retailer Authority,Unitywater,,89791717472,50 First Avenue,Maroochydore,QLD,4558,,4,1
20002360,VIASAT AUSTRALIA PTY LIMITED,VIASAT AUSTRALIA PTY LIMITED,092010421,94092010421,Level 20 201 Miller Street,NORTH SYDNEY,NSW,2060,15,5,1
20002412,Whitsunday Air Services Pty Ltd,Hamilton Island Air,143891258,49143891258,PO Box 3,HAMILTON ISLAND,QLD,4803,7,5,1
20003089,FNQ Sugar Services Pty Ltd,FNQ Sugar Services Pty Ltd,145208813,81145208813,PO Box 21,GORDONVALE,QLD,4865,1,5,1
20003229,John Kummerow,Girraween Farming Co,,,405 Kummerows Road,BOWENVILLE,QLD,4404,,7,1
20003601,North Queensland Bulk Ports Corporation Limited,North Queensland Bulk Ports Corporation Limited,136880218,36136880218,PO Box 3340,MACKAY NORTH,QLD,4740,15,5,1
20004308,MID NORTH COAST LOCAL HEALTH DISTRICT,Base Hospital Physical Resources,,57946356658,1 Wrights Road,PORT MACQUARIE,NSW,2444,12,3,1
20004872,DEPT OF HEALTH QLD,eHealth Qld,,66329169412,GPO Box 125 RBWH,BRISBANE,QLD,4001,,3,1
20005946,WILMAR SUGAR PTY LTD,Proserpine,081051792,44081051792,PO Box 101,Proserpine,QLD,4800,15,5,1
20007010,WHITSUNDAY BAREBOAT OPERATORS ASSOCIATION,WHITSUNDAY BAREBOAT OPERATORS ASSOCIATION,,25774392926,PO Box 255,CANNONVALE,QLD,4802,,6,1
20007490,BUNDABERG NARROWCASTERS PTY. LTD.,BUNDABERG NARROWCASTERS PTY. LTD.,093077279,79093077279,Locked bag 2110,North Ryde,NSW,2113,,5,1
20007586,Optus Mobile Pty Limited,8 GHz Licences except NSW,054365696,65054365696,PO Box 888,NORTH RYDE,NSW,1670,,5,1
20008300,QUBE LOGISTICS (QLD) PTY LTD,QUBE LOGISTICS (QLD) PTY LTD,009677383,21009677383,PO Box 1088,WYNNUM,QLD,4178,,5,1
20008471,NEW SOUTH WALES GOVERNMENT TELECOMMUNICATIONS AUTHORITY,Telco Authority (FRNSW),,85430594829,"NSWTA Spectrum Management Office Level 10, McKell Building 2-24 Rawson Place",HAYMARKET,NSW,2000,,3,1
20008537,WILMAR SUGAR PTY LTD,Herbert Region,081051792,44081051792,PMB 1 Attn:  L Castellaro,INGHAM,QLD,4850,,5,1
20008916,REMONDIS AUSTRALIA PTY LTD,REMONDIS PTY LTD,002429781,95002429781,PO Box 885,MASCOT,NSW,1460,,5,1
20009033,Mount's Machinery,Mount's Machinery,,80120227166,PO Box 290,ROMA,QLD,4455,,6,1
20009217,TPG INTERNET PTY LTD,TPG INTERNET,068383737,15068383737,PO Box 1113,NORTH SYDNEY,NSW,2060,,5,1
20010642,Jeacocke Electronic Services Pty Ltd,Jones Communications,127694213,84127694213,PO Box 253,Gladstone,QLD,4680,,5,1
20010808,Logan City Council,Logan City Council,,21627796435,PO Box 3226,LOGAN CITY DC,QLD,4114,,4,1
20011310,LION MINING LIMITED,LION MINING LIMITED,000697183,92000697183,"Level 2, 520 Wickham Street",FORTITUDE VALLEY,QLD,4006,,5,1
20011641,Veolia Water Australia Pty Ltd,Veolia Water,061161279,99061161279,PO Box 42,CHINCHILLA,QLD,4413,,5,1
20012320,DEPARTMENT OF CUSTOMER SERVICES OPEN DATA AND SMALL AND FAMILY BUSINESS,Queensland Government Customer and Digital Group,,81919425843,PO BOX 15086,BRISBANE CITY EAST,QLD,4002,,3,1
20012533,WILMAR SUGAR PTY LTD,Burdekin Region,081051792,44081051792,PO Box 642,TOWNSVILLE,QLD,4810,,5,1
20012824,SYNTECH RESOURCES PTY LTD,Yancoal,095102971,67095102971,PO Box 972,CHINCHILLA,QLD,4413,,5,1
20013050,LOCKYER INVESTMENT CO. PTY. LTD.,AGRICULTURAL REQUIREMENTS,009676046,90009676046,PO Box 1,GATTON,QLD,4343,,5,1
20013543,CITIZENS RADIO EMERGENCY SERVICE TEAMS QUEENSLAND INC.,CREST QLD,,94674126862,PO Box 17,NORTH TAMBORINE,QLD,4272,15,6,3
20013683,QUEENSLAND RADIO SERVICES PTY LTD,QUEENSLAND RADIO SERVICES PTY LTD,164520067,92164520067,PO Box 1392,EAGLE FARM,QLD,4009,,5,1
20013965,Brady Baldwin,Brady Baldwin,,,C/- BAI Communications 202 Alma Street,Rockhampton,QLD,4700,,7,1
20013966,Seventh-day Adventist Church (Australian Union Conf.) Ltd,FAITH FM,112101783,24112101783,PO BOX 4368,RINGWOOD,VIC,3143,,5,1
20014348,March IT Pty Ltd,MarchNet,156285728,12156285728,3/23 Duntroon Street,BRENDALE,QLD,4500,,5,1
20015983,VIVA ENERGY AVIATION PTY LTD,VIVA ENERGY AVIATION PTY LTD,167761453,29167761453,720 Bourke Street,DOCKLANDS,VIC,3008,,5,1
20017269,Reg Kluck,,,,163 Carpendale Road,CARPENDALE,QLD,4344,,7,1
20017363,Optus Mobile Pty Limited,4G TXN,054365696,65054365696,1 Lyonpark Road,MACQUARIE PARK,NSW,2113,,5,1
20017373,Optus Mobile Pty Limited,LTE TXN,054365696,65054365696,1 Lyonpark Road,MACQUARIE PARK,NSW,2113,,5,1
20018366,David Gooding,Uralla Past Co,,,980 Old Warrego Highway m/s 687,DALBY,QLD,4405,,7,1
20019469,NEW SOUTH WALES GOVERNMENT TELECOMMUNICATIONS AUTHORITY,Telco Authority (Other Agencies),,85430594829,"NSWTA Spectrum Management Office Level 10, McKell Building 2-24 Rawson Place",HAYMARKET,NSW,2000,,3,1
20019830,THE TRUSTEE FOR THE M F & C M KLUCK FAMILY TRUST,Flagstone Fresh,,26922906512,946 Flagstone Creeh Road,FLAGSTONE CREEK,QLD,4344,,6,1
20020218,139 CLUB INC WELFARE CENTRE,139 CLUB INC WELFARE CENTRE,,89025273321,PO Box 26,NEWFARM,QLD,4005,,6,1
20021476,CSE CROSSCOM PTY LTD,CSE CROSSCOM PTY LTD,606614500,25606614500,664 Lorimer St,PORT MELBOURNE,VIC,3207,,5,1
20021546,JETTECH NETWORKS PTY LTD,JETTECH NETWORKS PTY LTD,604027241,90604027241,GPO Box 720,HOBART,TAS,7001,,5,1
20025709,AMPOL AUSTRALIA PETROLEUM PTY LTD,CALTEX AUSTRALIA PETROLEUM PTY LTD,000032128,17000032128,Tower Road,COOLANGATTA,QLD,4225,,5,1
20026040,The Trustee for Cook Family Trust,Stanthorpe Cabs & Limousines,,49134193959,PO Box 790,STANTHORPE,QLD,4380,,6,1
20026547,WATER NSW,WATER NSW,,21147934787,Attn: P Dudley PO Box 398,Parramatta,NSW,2124,,3,1
20026788,DEPARTMENT OF HOME AFFAIRS,CCTV & Enforcement Communications,,33380054835,BENJAMIN OFFICES 6 Chan Street,BELCONNEN,ACT,2617,,2,1
20027047,AVEO RETIREMENT HOMES LIMITED,Aveo Aspley Court,061603718,51061603718,100 Albany Creek Road,ASPLEY,QLD,4034,,5,1
20027621,NEW SOUTH WALES GOVERNMENT TELECOMMUNICATIONS AUTHORITY,Telco Authority (OEH),,85430594829,"NSWTA Spectrum Management Office Level 10, McKell Building 2-24 Rawson Place",HAYMARKET,NSW,2000,,3,1
20027731,APPLIED IT SYSTEMS PTY LTD,IP Telco,152601628,70152601628,"Level 1, 15 Kyabra st",NEWSTEAD,QLD,4006,,5,1
20028875,MYRIOTA PTY. LTD.,MYRIOTA PTY. LTD.,609161373,65609161373,25 Chesser St,ADELAIDE,SA,5000,,5,1
20029058,DEPARTMENT OF HOME AFFAIRS,CCTV,,33380054835,BENJAMIN OFFICES 6 Chan Street,BELCONNEN,ACT,2617,,2,1
20029073,DEPARTMENT OF CUSTOMER SERVICES OPEN DATA AND SMALL AND FAMILY BUSINESS,Queensland Government Customer and Digital Group,,81919425843,PO BOX 15086,BRISBANE CITY EAST,QLD,4002,,3,3
20029474,BRIGHTWAVE PTY LTD,BRIGHTWAVE PTY LTD,607500452,71607500452,GPO Box 104,Brisbane,QLD,4001,,5,1
20031385,Department of Transport and Main Roads,Department of Transport and Main Roads,,39407690291,Attention: ITS Enabling Services GPO Box 1412,BRISBANE,QLD,4001,,3,1
20031759,METWIDE COMMUNICATIONS PTY LTD,METWIDE COMMUNICATIONS PTY LTD,602411825,25602411825,1/40 George Street,Granville,NSW,2154,,5,1
20034908,Russo & Vella Machinery Pty Ltd,Russo & Vella Machinery Pty Ltd,146189746,67146189746,PO Box 415,INGHAM,QLD,4850,,5,1
20035519,NQM Gold 2 Pty Ltd,NQM Gold 2 Pty Ltd,129020248,18129020248,PO Box 1435,Charters Towers,QLD,4820,,5,1
20035550,RYAN MATHESON,RHINO TOWING & SCRAP METAL,,22725859278,PO BOX 374,NAMBOUR,QLD,4560,,7,1
20035681,VOYAGES TOURISM AUSTRALIA PTY LTD,MOSSMAN GORGE CULTURAL CENTRE,146482591,82146482591,PO Box 1424,MOSSMAN,QLD,4873,,5,1
20036497,Department of Environment and Science,Queensland Parks and Wildlife Service,,46640294485,PO Box 15187,CITY EAST,QLD,4002,,3,1
20036601,SOJITZ MDS MINING PTY LTD,SOJITZ MDS MINING PTY LTD,610971027,94610971027,PO Box 205,Springsure,QLD,4722,,5,1
20036656,QUEENSLAND RAIL LTD,Queensland Rail Compliance,132181090,71132181090,GPO Box 1429,Brisbane,QLD,4001,7,5,1
20037316,JEMENA NORTHERN GAS PIPELINE PTY LTD,JEMENA NORTHERN GAS PIPELINE PTY LTD,607928790,12607928790,PO Box 16182,MELBOURNE,VIC,3000,,5,1
20037563,AUSTEK PTY LTD,AUSTEK PTY LTD,620121879,62620121879,PO Box 7252,Cairns,QLD,4870,,5,1
20037707,MOBILE JV PTY LIMITED,MOBILE JV PTY LIMITED,628500916,60628500916,"Level 27, Tower Two International Towers Sydney 200 Barangaroo Avenue",Barangaroo,NSW,2000,8,5,1
20038341,Q-MIX CONCRETE PTY LTD,Q-MIX CONCRETE PTY LTD,617647453,81617647453,7 Inglewood Rd,GYMPIE,QLD,4570,15,5,1
20038569,Samuel Fessey,South Toolburra Farms,,,3733 Leyburn Cunningham Road,CUNNINGHAM,QLD,4370,,7,1
20039296,MONTAUBAN PTY. LTD.,MONTAUBAN PTY. LTD.,010745310,38010745310,111-153 Days Road,REDLAND BAY,QLD,4165,,5,1
20039659,KESTREL COAL RESOURCES PTY LTD,KESTREL COAL JOINT VENTURE,624245325,98624245325,"GPO Box 628, Brisbane Qld 4001",BRISBANE,QLD,4001,,5,1
20039794,SUEZ WATER PTY LTD,SUEZ WATER PTY LTD,051950068,33051950068,Level 3 3 Rider Boulevard,RHODES,NSW,2138,,5,1
20039815,SOJITZ GREGORY MINING PTY LTD,SOJITZ GREGORY MINING PTY LTD,630511125,31630511125,PO Box 120,EMERALD,QLD,4722,,5,1
20040155,Marine Rescue Douglas Shire Inc,VMR Port Douglas,,65871449034,PO Box 699,PORT DOUGLAS,QLD,4877,,6,3
20041030,HERVEY BAY BOAT CLUB INC,HERVEY BAY BOAT CLUB INC,,49540353248,Buccaneer Dve,URANGAN,QLD,4655,,6,1
20041324,CLEANCO QUEENSLAND LIMITED,CLEANCO QUEENSLAND LIMITED,628008159,85628008159,CleanCo Queensland Level 17 300 George St,Brisbane,QLD,4000,,5,1
20042158,AUSTRALIAN PROFESSIONAL GALVANIZING PTY LTD,AUSTRALIAN PROFESSIONAL GALVANIZING PTY LTD,119874485,70119874485,PO Box 1409,CAIRNS,QLD,4870,,5,1
20045955,QUEENSLAND FIRE AND EMERGENCY SERVICES,Queensland Fire and Emergency Services - Paging,,93035163778,20 Pickering St Maintenance Control Services,ALDERLEY,QLD,4051,,3,1
20046011,HQPLANTATIONS PTY LTD,HQPLANTATIONS PTY LTD,142448977,25142448977,"Lakes Vista Office Parade 3a, 2 Flinders Parade",NORTH LAKES,QLD,4509,,5,1
20046267,PALM ISLAND ABORIGINAL COUNCIL,PALM ISLAND ABORIGINAL COUNCIL,,68799811816,1 Main Street,PALM ISLAND,QLD,4816,,4,1
20047564,MAD Mountain Bike Club Inc.,MAD Mountain Bike Club Inc.,,90503778519,PO Box 8693,MOUNT PLEASANT,QLD,4740,,6,1
20047873,Maryborough Canegrowers Limited,Maryborough Canegrowers Limited,111775583,56111775583,PO Box 172,MARYBOROUGH,QLD,4650,,5,1
20048575,DELTA NETWORKS PTY LTD,DELTA NETWORKS PTY LTD,650875942,46650875942,Locked Bag 3501,BRISBANE,QLD,4001,,5,1
20048777,"DEPARTMENT OF CHILDREN, YOUTH JUSTICE AND MULTICULTURAL AFFAIRS","Department of Families, Seniors, Disability Services and Child Safety",,75563721098,PO BOX 29,CROWS NEST,QLD,4355,10,3,1
20049396,POSEIDON SEA PILOTS PTY LTD,POSEIDON SEA PILOTS PTY LTD,612334764,23612334764,655 Macarthur Avenue Central,PINKENBA,QLD,4008,,5,1
20052834,82 LEARN PTY LTD,82 LEARN PTY LTD,644960878,29644960878,176 Mcfarlane Drive,KANIMBLA,QLD,4870,,5,1
20053835,TELSTRA LIMITED,Telstra - Radio Transport Engineering,086174781,64086174781,Locked Bag 3501,BRISBANE,QLD,4001,,5,1
20053839,TELSTRA LIMITED,Telstra - Commercial Engineering - Spectrum Strategy,086174781,64086174781,Locked Bag 3501,BRISBANE,QLD,4001,,5,1
20053843,TELSTRA LIMITED,Telstra - Commercial Engineering - Spectrum Strategy,086174781,64086174781,Locked Bag 3501,BRISBANE,QLD,4001,,5,1
20054518,THE BROWN & HURLEY GROUP PTY. LTD.,BROWN AND HURLEY - SERVICES,010732966,66010732966,122-126 Graham Street,Ayr,QLD,4807,,5,1
20056117,HARVEY BLACK GROUP PTY LTD,Black Truck & AG,069343460,90069343460,PO Box 235,CHINCHILLA,QLD,4413,,5,1
20057576,Marquee Hotel Operations Pty Ltd trustee Marquee Hotel Operations Trust,Marquee Hotel Operations Pty Ltd trustee Marquee Hotel Operations Trust,,,SOFITEL HOTEL 249 Turbot Street,BRISBANE CITY,QLD,4000,,7,1
20057649,FUTURA MINING SERVICES PTY LTD,FUTURA MINING SERVICES PTY LTD,624476008,56624476008,C/- CWC PO Box 829,EMERALD,QLD,4720,,5,1
20058561,SRG GLOBAL LIMITED,SRG GLOBAL LIMITED,104662259,81104662259,Level 2 500 Hay St,SUBIACO,WA,6008,,5,1
20059065,BUNDALEER CARE OPERATIONS LIMITED,BUNDALEER CARE OPERATIONS LIMITED,659413297,36659413297,CAMERON STREET FACILITY 142A Cameron Street,WAUCHOPE,NSW,2446,,5,1
20059684,LIMIT FARMING CO PTY LTD,Limit Farms,671555561,34671555561,155 Flagstone Creek ROAD,Carpendale,QLD,4344,,5,1
20060491,JOHN HOLLAND GROUP PTY LTD,JOHN HOLLAND GROUP PTY LTD,050242147,37050242147,6 Lake St,Cairns,QLD,4870,,5,1
20060946,QUEENSLAND POLICE SERVICE,Queensland SES (State Emergency Service),,29409225509,20 Pickering Street Maintenance Control Services,ALDERLEY,QLD,4051,,3,3
20061331,Tamborine Mountain Branch Little Athletics Centre Incorporated,Tamborine Mountain Branch Little Athletics Centre Incorporated,,33172691525,400 Long Road,Tamborine Mountine,QLD,4272,,6,1
20062276,MA MARINA FUND OPCO NO. 1 PTY LTD,MA MARINA FUND OPCO NO. 1 PTY LTD,667243601,59667243601,HORIZON SHORES MARINA 80 Cabbage Tree Point Road,STEIGLITZ,QLD,4207,,5,1
20062681,QUEENSLAND POLICE SERVICE,Marine Rescue Queensland,,29409225509,PO Box 1440,Brisbane,QLD,4000,,3,3
20063469,HAPPITAT LAMINGTON NATIONAL PARK PTY LTD,HAPPITAT LAMINGTON NATIONAL PARK PTY LTD,655910311,26655910311,2A Robert St,KUNDA PARK,QLD,4556,,5,1
20064596,CODEC SECURITY VENTURES PTY LTD,CODEC SECURITY VENTURES PTY LTD,665204295,24665204295,18 Stone St,Caulfield South,VIC,3162,,5,1
20064675,Joshua Evans,Joshua Evans,,,PO BOX 5246,Torquay,QLD,4655,,7,1
20065019,Matthew Gosden as trustee for M & F Gosden Trust,Matthew Gosden as trustee for M & F Gosden Trust,,,PO Box 764,DALBY,QLD,4405,,7,1
20066114,CHOOKS SAND & GRAVEL PTY LTD,CHOOKS SAND & GRAVEL PTY LTD,682117219,54682117219,263 Connors Road,McKay,QLD,4740,,5,1
20068581,TAMBORINE MOUNTAIN JUNIOR BUSHRATS LEAGUE CLUB INC,TAMBORINE MOUNTAIN JUNIOR BUSHRATS,,40450500469,386-398 Main Western Rd,TAMBORINE MOUNTAIN,QLD,4272,,6,1
20070415,KOPPEN CONSTRUCTION PTY LTD,KOPPEN CONSTRUCTION PTY LTD,600199120,74600199120,Suite 4/10 Grafton Street,Cairns,QLD,4870,,5,1
