station_id,station_name,current_acma_licence,suggested_licence_no,already_recorded,licensee,freq_mhz,freq_match,distance_m,site_id,site_name,site_precision,device_id
amiens_knob_al,Amiens Knob AL,10182196/1,10182196/1,yes,BUREAU OF METEOROLOGY,151.5000,yes,1,10004034,BOM Site Amiens Knob 71 Minuti Lane Amiens,Within 100 metres,2902212909
bald_knob_al,Bald Knob AL,433989,10775753/1,,Queensland Bulk Water Supply Authority,151.5000,yes,7,15958,Main Roads/Qld Transport Site WILKES KNOB,Within 10 metres,2901826022
bald_knob_al,Bald Knob AL,433989,433989/1,yes,BUREAU OF METEOROLOGY,151.5000,yes,16,15959,Energex Site WILKES KNOB,Within 10 metres,2902211890
bilyana_al,Bilyana AL,1448341,1448341/1,yes,BUREAU OF METEOROLOGY,151.5000,yes,292,441162,Bureau Of Meteorology Site BILYANA,Unknown,2902212250
bones_knob_al,Bones Knob AL,1447474,1441012/1,,BUREAU OF METEOROLOGY,151.5000,yes,37,440307,Comms Mast  Bureau of Meteorology Site Bones Knob  off Griffin Rd TOLGA,Unknown,2902212228
bones_knob_al,Bones Knob AL,1447474,1447474/1,yes,BUREAU OF METEOROLOGY,151.9500,yes,37,440307,Comms Mast  Bureau of Meteorology Site Bones Knob  off Griffin Rd TOLGA,Unknown,2902212222
bony_mountain_al,Bony Mountain AL,10182195/1,10182195/1,yes,BUREAU OF METEOROLOGY,151.5000,yes,3,10004035,BOM Site via Yankee Gully Road Bony Mountain,Within 10 metres,2902212907
brinsmead_al,Brinsmead AL,1441013,1441013/1,yes,BUREAU OF METEOROLOGY,151.5000,yes,457,440326,Met Site Whitfield Range BRINSMEAD,Unknown,2902212230
cameron_hill_al,Cameron Hill AL,1447480,433844/1,,BUREAU OF METEOROLOGY,151.5000,yes,67,480229,Bureau Met Site PLANT HILL CAMERON HILL,Within 10 metres,2902211688
cameron_hill_al,Cameron Hill AL,1447480,1447480/1,yes,BUREAU OF METEOROLOGY,151.9500,yes,121,441067,Met Bureau Site Cameron Hill REID RIVER,Unknown,2902212226
cameron_hill_al,Cameron Hill AL,1447480,433963/1,,BUREAU OF METEOROLOGY,151.5000,yes,403,19674,Telstra Radio Terminal PLANT HILL CAMERON HILL,Within 10 metres,2902211815
clarke_range_al,Clarke Range AL Repeater,1400231,1400231/1,yes,BUREAU OF METEOROLOGY,151.5000,yes,99,400240,Bureau of Meteorology Site CLARKE RG,Unknown,2902212162
constitution_hill,Constitution Hill,433726,433726/1,yes,BUREAU OF METEOROLOGY,151.5000,yes,16,12766,Energex Site Constitution Hill Sir Samuel Griffith Dr MOUNT COOT-THA,Within 10 metres,2902211697
glen_rock_al,Glen Rock AL,1929336,1929336/1,yes,BUREAU OF METEOROLOGY,151.5000,yes,5,139482,Glen Rock 70 metres south of ACMA Site 403861 EMERALD,Within 10 metres,2902212402
hillcrest_wine_glass,Hillcrest AL (Wine Glass),1411025,1411025/1,yes,BUREAU OF METEOROLOGY,151.5000,yes,38,405185,BOM Site Behind buildings near Wineglass Water Tower Wineglass Dr HILLCREST,Within 10 metres,2902212194
laheys_lookout_al,Laheys Lookout AL,1421318,1421318/1,yes,BUREAU OF METEOROLOGY,152.4000,yes,80,14008,Council Site Laheys Lookout MOUNT TAMBORINE,Within 10 metres,2902212208
middlemount_al,Middlemount AL,,10964566/1,,BUREAU OF METEOROLOGY,151.5000,n/a (no rx_mhz recorded),16,10020275,"BoM Site, Nolan Drive MIDDLEMOUNT",Unknown,2902213438
middlemount_al,Middlemount AL,,1939024/1,,ERGON ENERGY CORPORATION LIMITED,166.0500,n/a (no rx_mhz recorded),17,18917,Ergon Energy Site MIDDLEMOUNT,Within 100 metres,2901718212
middlemount_al,Middlemount AL,,1939025/1,,ERGON ENERGY CORPORATION LIMITED,166.2000,n/a (no rx_mhz recorded),17,18917,Ergon Energy Site MIDDLEMOUNT,Within 100 metres,2901718214
middlemount_al,Middlemount AL,,1939026/1,,ERGON ENERGY CORPORATION LIMITED,166.3500,n/a (no rx_mhz recorded),17,18917,Ergon Energy Site MIDDLEMOUNT,Within 100 metres,2901718288
middlemount_al,Middlemount AL,,1939027/1,,ERGON ENERGY CORPORATION LIMITED,166.6500,n/a (no rx_mhz recorded),17,18917,Ergon Energy Site MIDDLEMOUNT,Within 100 metres,2901718290
millaa_millaa_al,Millaa Millaa AL,433870,433870/1,yes,BUREAU OF METEOROLOGY,151.5000,yes,30,22025,Met Bureau Flood Warning Repeater Site MILLAA MILLAA,Unknown,2902211673
mingela_al,Mingela AL,1448342,1448342/1,yes,BUREAU OF METEOROLOGY,151.5000,yes,11,441157,Bureau of Meteorology Site MINGELA,Within 10 metres,2902212243
moss_vale_al,Moss Vale AL,1446584,1446584/1,yes,BUREAU OF METEOROLOGY,151.5000,yes,116,440997,Bureau Of Met Repeater Site MOSSVALE,Unknown,2902212218
mt_mayde_al,Mt Mayde AL,1929333,1929333/1,yes,BUREAU OF METEOROLOGY,151.5000,yes,2,139479,Mt Mayde 130 meters SE of ACMA Site 17928 EMERALD,Within 10 metres,2902212398
mt_mowbullan_rptr,Mt MOWBULLAN RPTR,433911,433911/1,yes,BUREAU OF METEOROLOGY,151.5000,yes,29,402542,BOM Site Westside MT MOWBULLAN,Within 10 metres,2902211850
mt_stuart_al,Mt Stuart AL,,1446447/1,,BUREAU OF METEOROLOGY,152.4000,yes,198,19490,"Axicom Mast 1 - 74m, Axicom Site 828 Mt Stuart Road MOUNT STUART",Within 10 metres,2902212240
mt_tamborine_al,Mt Tamborine AL,,1410739/1,,BUREAU OF METEOROLOGY,152.4000,n/a (no rx_mhz recorded),286,401394,Met Bureau Site Golf Course Rd opposite Golf Course MOUNT TAMBORINE,Unknown,2902212178
mt_tamborine_al,Mt Tamborine AL,,1402431/1,,Queensland Television Pty Limited,163.5375,n/a (no rx_mhz recorded),301,403573,GCT Mt Tamborine Site 103m Tower Golf Course Road MOUNT TAMBORINE,Within 10 metres,2901666066
mt_wolvi_al,Mt Wolvi AL,1418797,1418797/1,yes,BUREAU OF METEOROLOGY,151.9500,yes,207,402600,Met Bureau Site MT WOLVI,Unknown,2902212200
mt_wolvi_al,Mt Wolvi AL,1418797,10775757/1,,Queensland Bulk Water Supply Authority,151.5000,yes,442,10017993,SEQ Water Site Wolvi Mountain Rd MT WOLVI,Within 10 metres,2901826069
murray_springs_al,Murray Springs AL,433887,433887/1,yes,BUREAU OF METEOROLOGY,151.5000,yes,82,20624,Met Bureau Flood Warning Station MURRAY SPRINGS,Within 100 metres,2902211675
o_reillys_al,OReillys AL,1421319,1421319/1,yes,BUREAU OF METEOROLOGY,152.4000,yes,346,402950,Met Bureau Site O`Reillys Guesthouse via CANUNGRA,Unknown,2902212210
obi_lookout_al,Obi Lookout AL,1185817,1185817/1,yes,BUREAU OF METEOROLOGY,151.5000,yes,250,136331,BOM Site Obi Lookout NAMBOUR,Within 10 metres,2902212005
roddas_lookout_al,Roddas Lookout AL,1929337,1929337/1,yes,BUREAU OF METEOROLOGY,151.5000,yes,5,139510,Roddas Lookout Adjcent to ACMA Site 18056 EMERALD,Within 10 metres,2902212411
saddle_mountain_aler,Saddle Mtn AL,1441014,1441014/1,yes,BUREAU OF METEOROLOGY,151.5000,yes,28,21695,Met Bureau Hut Saddle Mountain Road  3 km E of Kuranda SADDLE MOUNTAIN,Within 10 metres,2902212234
scartwater_al,Scartwater AL,1448343,433844/1,,BUREAU OF METEOROLOGY,151.5000,yes,7,480231,Bureau of Meteorology Site HURRICANE CLIFF,Unknown,2902211690
scartwater_al,Scartwater AL,1448343,1448343/1,yes,BUREAU OF METEOROLOGY,151.5000,yes,7,480231,Bureau of Meteorology Site HURRICANE CLIFF,Unknown,2902212253
takura_reservoir_ale,Takura Resevoir AL,1463975,1463975/1,yes,BUREAU OF METEOROLOGY,151.5000,yes,17,16671,Council Site TAKURA HILL,Within 100 metres,2902212273
the_stonewall_al,The Stonewall AL,1448344,1448344/1,yes,BUREAU OF METEOROLOGY,151.5000,yes,258,441159,Bureau Of Meteorology Site The Stonewall COLLINSVILLE,Unknown,2902212248
toowoomba_al,Toowoomba AL,,10775743/1,,Queensland Bulk Water Supply Authority,151.5250,yes,39,10017986,SEQ Water Site Shuttleworth Crt TOOWOOMBA,Within 10 metres,2901825988
wallaman_al,Wallaman AL,433890,433890/1,yes,BUREAU OF METEOROLOGY,151.5000,yes,33,19722,Bureau of Meteorology Site WALLAMAN,Unknown,2902211677
warahgai_al,Warahgai AL,10182194/1,10182194/1,yes,BUREAU OF METEOROLOGY,151.5000,yes,26,10004036,"BOM Site Warahgai via Rabbit Fence Road, 8 km West of Karara",Within 100 metres,2902212905
